"g01","ABACUS","주판"
"g01","ABANDON","(감정,충동에) 사로잡히다, 방종"
"g01","ABASE","(품위, 지위) 강등시키다"
"g01","ABASH","당황하게 하다, 부끄럽게 하다"
"g01","ABATE","(정도,세기,수량 등) 줄이다,감소시키다"
"g01","ABBREVIATE","(단어,문장,글의) 길이를 줄이다"
"g01","ABERRANT","정도를 벗어난,비정상의,변종의"
"g01","ABET","부추기다; 돕다, 지원하다"
"g01","ABJECT","(생활,상태,태도,기분) 비참한"
"g01","ABNORMAL","비정상적인"
"g01","ABOUND","풍부하다"
"g01","ABRADE","마모시키다"
"g01","ABRIDGE","요약하다,축약하다"
"g01","ABSCOND","몰래 떠나다, 종적을 감추다"
"g01","ABSOLVE","(비난,유죄성,책임에서) 벗어나게 해주다"
"g01","ABSORB","흡수하다; 열중케 하다"
"g01","ABSTEMIOUS","(음식,음주) 삼가는,절제하는"
"g01","ABSTRACT","요약하다,주의를 딴 곳으로 돌리다 ,(설명이) 구체적이지 않은,난해한"
"g01","ABSTRUSE","난해한,심오한"
"g01","ABSURD","비상식적인, 터무니없는"
"g01","ACCEDE","동의하다"
"g01","ACCELERATE","가속하다, 촉진시키다"
"g01","ACCLAIM","칭송하다,환호를 보내다"
"g01","ACCLIMATE","( 새로운 환경에) 적응시키다,적응하다"
"g01","ACCOLADE","영예,영광,찬양"
"g01","ACCOST","다가가서 ( 당돌하게,공격적으로) 말 걸다"
"g01","ACCRETE","점진적으로 증가하다"
"g01","ACCRUE","(증가,첨가에 의해서) 생기다"
"g01","ACERBIC","(태도,말) 신랄한; (맛) 신,쓴"
"g01","ACHROMATIC","무색의"
"g01","ACME","최정상"
"g01","ACOLYTE","(로마가톨릭 예배의식) 시제,복사"
"g01","ACOUSTIC","음향의,소리의,청각의"
"g01","ACQUIESCE","묵묵히 받아들이다"
"g01","ACRID","(냄새와 맛)매운,신;(말,어조) 신랄한"
"g01","ACUMEN","명민,판단력,분별력"
"g01","ACUTE","날카로운, 통찰력 있는, 민감한, 급성의"
"g01","ADAMANT","단호한"
"g01","ADAPTED","적절히 변경된"
"g01","ADEPT","솜씨 좋은"
"g01","ADHERENT","지지자,추종자"
"g01","ADHESIVE","접착성의,끈적끈적한"
"g01","ADJUNCT","부가물, 첨가물"
"g01","AD-LIB","즉흥 연설(연기 등)"
"g01","ADMONISH","경고하다,훈계하다"
"g01","ADORN","장식하다"
"g01","ADROIT","솜씨 좋은,능숙한"
"g01","ADULATE","심하게 아부하다"
"g01","ADULTERATE","불순물을 섞다,(불순물을 섞어)순도/품질을 떨어뜨리다"
"g01","ADUMBRATE","어렴풋이 예시하다,희미한 모습을 그리다"
"g01","ADVENT","출현,도래"
"g01","ADVERSARY","적,원수"
"g01","ADVOCATE","지지하다,옹호하다"
"g01","AERATE","통풍시키다"
"g01","AERIAL","공기의,공기 중에서 발생하는"
"g01","AESTHETE","심미안이 있는 사람"
"g01","AFFABLE","사귀기 쉬운,붙임성 있는,상냥한"
"g01","AFFECTATION","가장,꾸미는 태도,허세 부림"
"g01","AFFECTED","인위적인,꾸민"
"g01","AFFINITY","좋아함,유사성"
"g01","AFFIX","첨부하다,고정시키다"
"g01","AFFRONT","(면전에서) 모욕(하다)"
"g01","AGAPE","(입) 벌어진"
"g01","AGGLUTINATED","접착된,응집된"
"g01","AGGRANDIZE","(권력,힘,지위,재산,명성 등) 증대시키다"
"g01","AGGRAVATE","악화시키다,화나게 하다"
"g01","AGGREGATE","모으다;결합된,총계의;집단,총계"
"g01","AGGRIEVE","괴롭히다,고통을 주다"
"g01","AGILE","민첩한"
"g01","AGITATION","불안,초조;선동;(용액) 휘 젖기"
"g01","AGOG","(~하고 싶어) 못 견디는,흥분한"
"g01","AGONIZE","(심적으로) 괴로워하다,번민하다;괴롭히다"
"g01","AGREEABLE","상쾌한,기분을 좋게 해주는;동의하는"
"g01","AID","돕다,지원하다"
"g01","AILING","아픈"
"g01","AIMLESS","목적 없이 노력하지 않는"
"g01","AIRPROOF","공기가 통하지 않는"
"g01","ALACRITY","민첩함,민활함;선뜻 ~함"
"g01","ALBINO","백화병환자"
"g01","ALIBI","부재증명"
"g01","ALIENATE","멀리하다,사귀지 않다,소외시키다;양도하다"
"g01","ALIGN","제휴하다,연합하다;일직선으로 맞추다;가지런히 두다"
"g01","ALLAY","(두려움,의심,염려) 가라앉히다,(고통) 완화시키다"
"g01","ALLEVIATE","경감하다"
"g01","ALLOY","합금하다,혼합하다"
"g01","ALLUDE","넌지시 말하다,암시하다"
"g01","ALOOF","쌀쌀맞은,무관심한,초연한"
"g01","AMALGAMATE","혼합시키다,융합시키다"
"g01","AMBIVALENT","상반된 마음이나 생각을 동시에 가진;마음이 오락가락하는"
"g01","AMBLE","천천히 걷다"
"g01","AMBROSIAL","맛있는,향기로운"
"g01","AMELIORATE","개선하다,개량하다"
"g01","AMENABLE","잘 따르는,순종적인"
"g01","AMENITY","편의시설,쾌적함,예의"
"g01","AMNESIA","건망증"
"g01","AMORPHOUS","(형태,정의가) 불명확한"
"g01","ANACHRONISTIC","연대기적 오류가 있는;구시대적인"
"g01","ANAEROBIC","혐기성의(산소를 싫어하는)"
"g01","ANALGESIC","통증을 없애주는;진통제"
"g01","ANARCHIST","무정부주의자;폭력혁명가"
"g02","ANCILLARY","부속의,보조의"
"g02","ANECDOTE","일화"
"g02","ANNOTATE","주석(주해)를 달다"
"g02","ANNUL","무효로 하다, 취소하다,폐지하다"
"g02","ANODYNE","진통제,진정제"
"g02","ANOMALOUS","변칙적인,비정상의,특이한 "
"g02","ANONYMOUS","무명의,익명의"
"g02","ANSWERABLE","책임져야 하는,책임이 있는"
"g02","ANTERIOR","이전의"
"g02","ANTIC","익살스러운,장난끼 있는"
"g02","ANTIDOTE","해독제"
"g02","ANTIPATHY","반감,혐오"
"g02","ANTITHETICAL ","대조법의,정반대의"
"g02","APATHETIC","무감각한,무정한,무관심한"
"g02","APEX","최고점"
"g02","APHID","진딧물"
"g02","APHORISM","금언,격언"
"g02","APIARY","양봉장"
"g02","APOCALYPTIC","궁극적인,결정적인,매우 중요한;종말론적인 파괴를 예언하는, 끔찍한"
"g02","APOCRYPHAL","저작자가 의심스런,가짜의"
"g02","APOLOGIST","변증론자,변론자"
"g02","APOPLECTIC","성난,화난,뇌졸중에 걸린"
"g02","APOSTATE","변절자;변절하는"
"g02","APPEAL","상소,항고"
"g02","APPEASE","달래다,진정시키다,양보하다"
"g02","APPLAUD","박수갈채를 보내다"
"g02","APPRECIABLE","상당한,쉽게 알아볼수있는"
"g02","APPREHENSIBLE","이해하기 쉬운"
"g02","APPREHENSIVE","걱정하는,겁내는"
"g02","APPRISE","정보를 주다,알려주다"
"g02","APPROACHABLE","친근한,말걸기쉬운"
"g02","APPROBATION","승인,칭찬"
"g02","APROPOS","적절한,알맞은,시기 적절한"
"g02","AQUATIC","물의,수생의"
"g02","AQUEOUS","물의,수성의,물을 함유한"
"g02","AQUIFER","대수층,지하수를 내장한 침투성 지층"
"g02","ARBITER","중재자;판정권자"
"g02","ARBORETUM","수목원"
"g02","ARCANE","불가사의한,신비한"
"g02","ARCHAIC","고대의,고풍스러운,구식의"
"g02","ARCHIPELAGO","군도"
"g02","ARCHIVE","기록모음,기록보관소"
"g02","ARDENT","열정적인"
"g02","ARGOT","은어"
"g02","ARIDNESS","건조함"
"g02","ARREST","진행을 막다;눈길을 끌다"
"g02","ARROGANCE","오만함"
"g02","ARTICULATE","말을 유창하고 조리 있게 하는"
"g02","ARTISAN","기능공,숙련공,장인"
"g02","ARTLESS","꾸밈없는,솔직한;자연스러운;솜씨 없는,기교 없는"
"g02","ASCENDANCY","영향력,우세함"
"g02","ASCENDANT","상승하는,올라가는;(힘과 영향력)"
"g02","ASCETIC","금욕주의자"
"g02","ASH","재"
"g02","ASKEW","휘어진"
"g02","ASPERSION","비방"
"g02","ASSEMBLY","모임"
"g02","ASSIDUOUS","끈기 있고 부지런한,꾸준한"
"g02","ASSUAGE","달래다,만족시키다"
"g02","ASSUME","가정하다;(권력,의무)떠맡다;가장하다"
"g02","ASTRINGENT","수렴제;신랄한,(맛,냄새)신,떫은"
"g02","ASUNDER","분리된;나누어진"
"g02","ASYLUM","(정치범,난민,정신병자 등의)보호시설, 피난처"
"g02","ATROCIOUS","극악무도한,아주 나쁜,매우 잔인한"
"g02","ATROPHY","신체 구성조직의 퇴화;약화,감소"
"g02","ATTENTIVE","주의 깊은;상냥한,친절한"
"g02","ATTENUATE","가늘게 하다,약화시키다"
"g02","ATTEST","증명하다,증언하다,입증하다"
"g02","AUDACIOUS","대담한,호기로운,무모한"
"g02","AUDIT","(회계,장부)감사/검사하다"
"g02","AUGMENT","증가/증대시키다;증가하다"
"g02","AUSPICIOUS","길조의,유리한"
"g02","AUTONOMY","자율성,자치권,자립"
"g02","AVARICE","탐욕"
"g02","AVERSION","혐오감"
"g02","AVIARY","(큰)새장"
"g02","AVID","몹시 탐내는;열심인,열광적인,열정적인"
"g02","AWNING","차양"
"g02","AWRY","휘어진"
"g02","BABBLE","재잘거리다;옹알거리다"
"g02","BADGER","계속 괴롭히다;계속 졸라대다"
"g02","BADINAGE","가벼운 농담"
"g02","BAFFLE","당황하게 하다,어리둥절하게 하다"
"g02","BALE","재앙;불운,고통,불행"
"g02","BALK","주저하다,갑자기 서서 나아가지 않다;방해하다,막다,좌절시키다"
"g02","BALKY","고집 센,말을 안 듣는"
"g02","BALLAD","담시,노래"
"g02","BALLAST","배의 무게중심"
"g02","BALM","향유,(피부,마음)진정제"
"g02","BANAL","진부한"
"g02","BANE","고통의 근원;맹독"
"g02","BANISTER","(계단 옆)난간"
"g02","BARB","신랄한 비난"
"g02","BAREFACED","뻔뻔스런;숨김없는"
"g02","BARK","나무껍질"
"g02","BAROQUE","지나치게 장식적은,화려한"
"g02","BARRACKS","군인들의 막사,병영,숙사"
"g02","BARREL","쏜살같이 움직이다,질주하다"
"g02","BARREN","열매 맺지 않는,수확이 없는"
"g02","BASE","(도덕적으로)상스러운,천한,비열한"
"g03","BAUBLE","겉만 번지르르한 싸구려; 시시한 것"
"g03","BEACON","등대, 봉홧불"
"g03","BEATIFIC","축복을 주는, 행복을 주는 "
"g03","BEDECKED","치장된, 장식된"
"g03","BEDLAM","소란스러운 곳; 대소동, 혼란"
"g03","BEFITTING","안성맞춤의, 적합한"
"g03","BEFRIEND","친구가 되다"
"g03","BEFUDDLE","혼란스럽게 하다"
"g03","BEGUILE","매혹시키다, 속이다, 기만하다"
"g03","BELEAGUER","괴롭히다; 포위 공격하다"
"g03","BELIE","잘못 드러내다, 모순되다"
"g03","BELLICOSE","호전적인, 싸우기 좋아하는"
"g03","BELLIGERENT","호전적인, 전쟁 중에 있는"
"g03","BELLWETHER","지도자, 선도자"
"g03","BENEDICTION","축복, 축도"
"g03","BENEFICENCE","선행, 자비"
"g03","BENEVOLENT","자비심 많은, 자선을 행하는"
"g03","BENIGNANT","친절한, 다정한, 유익한"
"g03","BENUMBED","무감해진"
"g03","BERATE","호되게 꾸짖다"
"g03","BETRAY","배신하다, 배반하다; 은연중에 드러내다"
"g03","BETTER","향상시키다; 더 나은"
"g03","BEVY","무리, 떼"
"g03","BEWITCH","마술 걸다, 매혹시키다"
"g03","BIBLIOGRAPHY","도서목록, 문헌 목록"
"g03","BIBLIOPHILE","애서가"
"g03","BIFURCATE","두 갈래로 가르다, 분기하다"
"g03","BIGOT","마음이 편협한 사람; 나와 생각, 종교, 사상 등이 다른 사람을 배척하는 사람"
"g03","BILIOUS","극도로 불쾌한, 성미 까다로운"
"g03","BILK","(돈)사취하다, 속이다; 피하다; 좌절시키다, 막다"
"g03","BITING","신랄한; 통렬한"
"g03","BLANDISH","아부하는 말로 설득하다, 꼬드기다"
"g03","BLANKET","담요로 덮다, 전면을 덮다"
"g03","BLATANT","뻔한, 몹시 떠들썩한; 야단 법석의"
"g03","BLAZON","과시하다, 꾸미다"
"g03","BLEMISH","흠; 도덕적 오점"
"g03","BLIGHT","고사시키다, 해를 입히다"
"g03","BLISS","더 없는 기쁨, 행복"
"g03","BLITHE","경솔한, 부주의한;명랑한, 쾌활한"
"g03","BLUEPRINT","청사진"
"g03","BLUNT","직설적인, 무뚝뚝한, 퉁명스런; (칼이나 연필)뭉퉁하고 무딘; 날카롭지 않게 만들다"
"g03","BLURB","짧은 광고, 선전문"
"g03","BLURT","(말을)불쑥 내뱉다, 무심코 말하다"
"g03","BLUSTERING","호통치는"
"g03","BOAST","자랑하다"
"g03","BOGGLE","깜짝 놀라게 하다, 압도하다;깜짝 놀라다, 움찔하다"
"g03","BOGUS","가짜의"
"g03","BOLSTER","지탱하다, 지지하다, 강화하다"
"g03","BOMBASTIC","허풍 떠는"
"g03","BOOR","무례한 사람"
"g03","BOOTLESS","소용없는, 쓸모 없는"
"g03","BRACKISH","짭짤한; 맛이 없는"
"g03","BRAKE","제동장치"
"g03","BRASSY","뻔뻔스런, 철면피의"
"g03","BRAZEN","파렴치한, 철면피의"
"g03","BREEZEWAY","(집과 차고 등을 연결하는) 지붕과 기둥만 있는 통로"
"g03","BREVITY","간결함"
"g03","BRIBE","뇌물 주다, 매수하다"
"g03","BRISTLE","분연하게 성내다, 성나서 털이 쭈볏 서다"
"g03","BROADEN","확장시키다, 확장되다"
"g03","BROMISH","진부하고 상투적인 말"
"g03","BRUTE"," 짐승 같은 사람, 망나니"
"g03","BUCOLIC","전원적인"
"g03","BUDGE","살짝 움직이다; 의견을 바꾸다"
"g03","BUGLE","군대 나팔"
"g03","BULGE","돌출, 불룩함"
"g03","BULLY","불량배; 약한 자를 괴롭히는 사람"
"g03","BUMPTIOUS","거만한, 오만한, 지나치게 자기주장이 강한 "
"g03","BUNGALOW","방갈로"
"g03","BUNGLE","어설픈짓하다, 실수하다"
"g03","BUOY","띄우다, 뜨다; 받치다; 기운을 북돋우다"
"g03","BUOYANT","부력이 있는, 기운찬, 명랑한"
"g03","BURGEON","급성장하다"
"g03","BURLESQUE","풍자극"
"g03","BURLY","건강한, 튼튼한"
"g03","BURNISH","닦아서 광내다"
"g03","BUSTLE","활기, 붐빔, 소란스러움"
"g03","BUTTRESS","부벽; 지탱하다"
"g03","BYLINE","(기사)필자란"
"g03","CABAL","정치적 음모단, 비밀결사, 파벌"
"g03","CACKLE","(닭, 오리)꼬꼬댁 울다; 낄낄대며 웃다, 목소리 찢어지게 웃다"
"g03","CACOPHONY","불협화음"
"g03","CAGEY","신중한"
"g03","CAJOLE","감언으로 꼬셔서~하게 하다"
"g03","CALAMITOUS","재앙의, 불행한, 비참한"
"g03","CALCIFY","석회화하다, 굳어지다"
"g03","CALIBRATE","눈금을 매기다, 눈금을 정확히 조정하다"
"g03","CALLOUS","냉담한, 무감각한"
"g03","CALLOW","미성숙한, 경험이 없는"
"g03","CALUMNY","중상, 비방"
"g03","CAMARADERIE","우정, 동지애"
"g03","CAMEO","(유명배우)우정출연; (보석) 카메오조각(양각)"
"g03","CAMOUFLAGE","위장, 속임"
"g03","CANARD","헛 소문, 지어낸 이야기"
"g03","CANDID","솔직한"
"g03","CANE","사탕수수 나무줄기, 지팡이, 회초리"
"g03","CANONICAL","권위로 인정된, 정통의"
"g03","CANONIZE","권위 있는 것으로 인정하다, 찬양하다"
"g03","CANOPY","차양"
"g03","CAPITULATE","복종하다, 항복하다"
"g04","CAPRICIOUS","변덕스러운"
"g04","CAPTIOUS","트집잡는, 반대하는 "
"g04","CAPTIVATE","매료시키다"
"g04","CAPTOR","포획자, 획득자"
"g04","CAREFREE","걱정근심 없는, 속편한"
"g04","CARETAKER","임시로 직무를 맡은 (사람)"
"g04","CAREWORN","걱정(고생)으로 초췌한"
"g04","CARNAL","육체적인"
"g04","CAROUSE","흥청대며 마시다"
"g04","CARPENTRY","목수일"
"g04","CARTOGRAPHER","지도제작자"
"g04","CASCADE","폭포처럼 떨어지다, 작은 폭포"
"g04","CAST","출연배우들"
"g04","CASTIGATE","심하게 꾸짖다, 비난하다, 징계하다"
"g04","CATALYZE","촉매작용하다, 촉진시키다"
"g04","CATEGORICAL","절대적인"
"g04","CATHOLIC","(취향이)폭넓은, 보편적인"
"g04","CAUSTIC","신랄한"
"g04","CAVALIER","건방진, 거만한"
"g04","CAVIL","트집잡다"
"g04","CAVORT","흥청거리며 탐닉하다, 뛰어다니다"
"g04","CEDE ","포기하다, 양도하다, 할양하다"
"g04","CELEBRITY","유명세, 유명인"
"g04","CELERITY","신속함"
"g04","CEMENT ","시멘트로 결합시키다, 접합시키다"
"g04","CENSURE","비난하다"
"g04","CENTRAL","중심의, 중요한, 필수의"
"g04","CESSATION","끝, 중지"
"g04","CHAGRIN","원통함, 분함"
"g04","CHAMPION","옹호하다, 지지하다"
"g04","CHAPERONE","사교계에 나오는 미혼 여성을 따라다니며 돌봐주는 부인"
"g04","CHARADE","뻔한 거짓, 제스처게임"
"g04","CHARISMATIC","카리스마 있는"
"g04","CHARITABLE","자선을 베푸는, 관대한"
"g04","CHARLATAN","허풍선이, 돌팔이, 사기꾼"
"g04","CHARY","조심하는"
"g04","CHASTEN","훈육하다, (마음을)정화시키다, 겸손하게 하다, 억제하다"
"g04","CHATEAU","(프랑스)성"
"g04","CHAUVINISM","맹목적인 애국심, 충성심"
"g04","CHICANERY","속임수"
"g04","CHIDE","꾸짖다"
"g04","CHIMERA","가공의 괴물, 가상"
"g04","CHIP","깨진 (돌, 나무)조각"
"g04","CHOIR","합창단"
"g04","CHOLERIC","담즙질의, 화를 잘 내는"
"g04","CHORD","코드, 화음"
"g04","CHOREOGRAPHER","안무가"
"g04","CHUCKLE","킬킬 웃다, 소리 없이 웃다"
"g04","CHURL","무례한 사람, 구두쇠"
"g04","CIPHER","암호문"
"g04","CIRCUITY","우회, 돌아가기"
"g04","CIRCUMLOCUTION","에둘러대기, 완곡어법, 다변"
"g04","CIRCUMSCRIBE","제한하다"
"g04","CIRCUMSPECT","신중한, 주의 깊은, 깊이 생각하는, 용의주도한"
"g04","CIRCUMVENT","피하다"
"g04","CISTERN","물탱크"
"g04","CLAIRVOYANT","천리안이 있는, 통찰력이 있는"
"g04","CLANDESTINE","비밀의, 은밀한"
"g04","CLARION","(소리가) 크고 명료한"
"g04","CLAUSE","문장의 절"
"g04","CLEMENCY","자비, 관대함"
"g04","CLICHÉ","진부한 표현"
"g04","CLINCH","(못, 나사)고정시키다, 결말을 내다, 성사시키다"
"g04","CLOG","(움직임, 흐름)막다, (활동) 방해하다"
"g04","CLOUT","영향력, 힘"
"g04","COALESCE","합쳐지다, 하나가 되다"
"g04","CODDLE","관대하게 하다, 너그럽게 대하다"
"g04","COGENT","설득력 있는"
"g04","COGNIZANT","인식한, 알고 있는"
"g04","COHERENT","일관성 있는, 논리적인"
"g04","COLLAPSE","붕괴하다, 붕괴시키다"
"g04","COLLEAGUE","동료"
"g04","COLLUDE","결탁, 공모하다"
"g04","COMMENSURATE","동등한, 같은 크기의, 균형 잡힌, 비례된"
"g04","COMMODIOUS","넓은, 널찍한"
"g04","COMMONPLACE","진부한, 진부한 문구"
"g04","COMPETENCE","능력, 재능"
"g04","COMPLACENCE","자기만족"
"g04","COMPLAISANT","기쁘게 해주려하는, 친절한, 정중한"
"g04","COMPLEMENT","보완하다, 보충"
"g04","COMPREHEND","이해하다"
"g04","COMPROMISE","(명예,신용) 위태롭게 하다, 훼손하다"
"g04","COMPUNCTION","양심의 가책"
"g04","CONCERTED","협동/협의에 의한"
"g04","CONCILIATE","화해시키다, 중재하다, 조화시키다, 일치하다"
"g04","CONCILIATORY","달래는"
"g04","CONCORD","일치, 조화, 화합"
"g04","CONCUR","동의하다, 동시에 발생하다"
"g04","CONDENSED","요약된"
"g04","CONDESCEND","생색내다, 오만하게 행동하다"
"g04","CONDOLENCE","위로, 조의"
"g04","CONDUCTIVE","공헌하는, 도움이 되는"
"g04","CONFIDENT","확신하는"
"g04","CONFINE","제한하다, 가두다"
"g04","CONFLUENCE","합류, 집합, 모임"
"g04","CONFOUND","혼돈하다, 당황케 하다"
"g04","CONGEAL","응결시키다, 경직시키다"
"g04","CONGENIAL","마음이 맞는, 같은 성질의, 상냥한"
"g04","CONGENTAL","선천성의"
"g04","CONGREGATE","모이다"
"g05","CONGRUENCE","적합, 일치, 합동"
"g05","CONNIVE","공모하다"
"g05","CONNOISSEUR","미술품 전문가, 권위자"
"g05","CONSENSUS","합의, 동의"
"g05","CONSOLE","위로하다"
"g05","CONSOLIDATE","굳건하게 하다"
"g05","CONSPIRE","공모하다"
"g05","CONSTELLATION","성단, 별자리"
"g05","CONSUMMATE","(기술,실력) 완전한, 완벽한"
"g05","CONTEMPT","경멸, 멸시"
"g05","CONTENTION","다툼 논쟁"
"g05","CONTINUUM","연속(체)"
"g05","CONTORT","(몸이)휘다, 비틀어지다"
"g05","CONTRAVENE","위반하다 모순되다 반박하다"
"g05","CONTRETEMPS","뜻밖의 불운한 사건"
"g05","CONTRITE","뉘우치는"
"g05","CONTRIVED","계획된, 의도된"
"g05","CONTROVERT","부인하다, 반박하다"
"g05","CONTUMACIOUS","고집 센"
"g05","CONUNDUM","난제, 수수께끼"
"g05","CONVENE","소집하다"
"g05","CONVERGENCE","합침, 집함, 집중"
"g05","CONVERSANT","정통한"
"g05","CONVERT","변형시키다, 바꾸다, 개종시키다"
"g05","CONVIVIAL","연회를 좋아하는, 명랑한,"
"g05","CONVOKE","소집하다"
"g05","CONVOLUTED","복잡한, 난해한"
"g05","COOLHEADED","내정한, 침착한"
"g05","COPIOUS","풍부한, 많은"
"g05","CORNUCOPIA","풍부함(의 상징)"
"g05","CORONATION","대관식"
"g05","CORPOREAL","육체적인, 물질적인"
"g05","CORPULENT","살찐, 뚱뚱한"
"g05","CORRECTIVE","교정하는, 올바르게 하는"
"g05","CORRESPOND","부합하다. 상응하다. "
"g05","CORROBORATE","증명하다, 확증하다"
"g05","CORUSCATE","반짝반짝 빛나다"
"g05","COSSET","응석을 받아주다"
"g05","COTERIE","배타적인 집단"
"g05","COUNTENANCE","찬성하다, 지지하다"
"g05","COUNTLESS","무수히 많은"
"g05","COURT","회의를 얻으려 하다, 구애하다"
"g05","COVETOUS","탐내는, 갈망하는"
"g05","COW","위협하다"
"g05","COWER","두려워 움츠리다"
"g05","COY","부끄러운척하는"
"g05","CRAMPED","답답한, 비좁고 갑갑한"
"g05","CRAVEN","비겁한, 비겁한 사람"
"g05","CREDENCE","신용, 신임"
"g05","CREDIBLE","믿을만한"
"g05","CREDULOUS","잘 믿는 잘 속는"
"g05","CREEK","시내, 지류"
"g05","CREEP","살금살금 걷다"
"g05","CREST","닭볏:(산 파도 등의) 최정상"
"g05","CRESTFALLEN","풀 죽은"
"g05","CROON","낮은 목소리로 부드럽게 노래하다"
"g05","CROTCHETY","화잘내는, 까다로운"
"g05","CROUCH","웅크리다"
"g05","CRUMB","빵 부스러기"
"g05","CRUMBLE","부숴지다, 가루가 되다"
"g05","CRUMP","오독오독 씹다"
"g05","CRUST","빵 껍질"
"g05","CRUTCH","목발"
"g05","CRUX","가장 중요한 점"
"g05","CULPABLE","과실이 있는, 비난 받을만한"
"g05","CULTIVATE","재배하다."
"g05","CUNNING","교활한, 교묘한"
"g05","CURB","억제하다"
"g05","CURMUDGEON","심술궂은 사람"
"g05","CURT","(말)퉁명스런"
"g05","CURTAIL","단축하다, 줄이다;(비용) 절감하다"
"g05","DAB","가볍게 살짝 바르다"
"g05","DABBLER","취미로 하는 사람"
"g05","DAFT","어리석은, 미친"
"g05","DALLY","시간 낭비하다;가지고 놀다, 희롱하다"
"g05","DAMN","비난하다"
"g05","DAMPEN","약화시키다, 찬물을 끼얹다"
"g05","DANDY","지나치게 멋 부리는 남자"
"g05","DANK","(불쾌하게)축축한"
"g05","DAPPER","말끔한"
"g05","DART","돌진하다"
"g05","DASH","돌진하다: 활기, 원기"
"g05","DATED","구식의, 오래된"
"g05","DAUNT","위협하다"
"g05","DAUNTLESS","겁 없는"
"g05","DAWDLER","게으름뱅이"
"g05","DEADPAN","무표정한"
"g05","DEBARK","(비행기나 선박에서)내리다"
"g05","DEBASE","(질, 가치) 저하시키다."
"g05","DEBAUCHERY","방탕, 환락생활"
"g05","DEBILITATE","쇠약하게 만들다"
"g05","DEBUNK","(허구임을) 드러내다"
"g05","DEBUT","(경력의)처음시작, "
"g05","DECELERATION","감속"
"g05","DECORUM","단정함, 예의 바름"
"g05","DECREPIT","나이 들어 쇠약해진"
"g05","DECRY","공개적으로 비난하다"
"g05","DEDACIC","가르치기 위한, 교훈적인, 설교적인"
"g05","DEFAME","명예를 훼손하다"
"g05","DEFEASIBLE","무효화할 수 있는"
"g06","DEFERENTIAL","공손한"
"g06","DEFERRABLE","미룰 수 있는"
"g06","DEFICIENCY","부족; 결점"
"g06","DEFINE","분명하게 묘사하다, 정의를 내리다"
"g06","DEFINITIVE","명확한; 최종적인; 결론적인; 권위 있고 완전한"
"g06","DEFLATE","수축시키다; 풀 죽게 하다"
"g06","DEFRAY","(비용 등을) 부담하다"
"g06","DEFT","솜씨 좋은, 민첩한"
"g06","DEFUSE","뇌관을 제거하다; (긴장 등을) 완화시키다"
"g06","DEFY","(공공연하게) 저항/도전하다, 불복종하다"
"g06","DEHYDRATE","건조시키다, 탈수시키다"
"g06","DEIFICATION","신성화, 신격화"
"g06","DEJECT","낙담시키다"
"g06","DELECTABLE ","맛있는"
"g06","DELEGATE","위임하다; (회의) 대표로 파견하다"
"g06","DELETERIOUS","해로운"
"g06","DELIBERATION","심사숙고, 합의, 토의"
"g06","DELINEATE","정확하게 묘사하다"
"g06","DELUDE","속이다"
"g06","DEMOGFAPHY","인구학, 인구구성"
"g06","DEMOLISH","파괴하다"
"g06","DEMORALIZE","사기를 꺾다"
"g06","DEMOTE","강등시키다"
"g06","DEMUR","반대하다"
"g06","DEMURE","얌전한, 조신한"
"g06","DEMURRABLE","이의를 주장할 수 있는"
"g06","DEMYSTIFY","명확하게 설명하다"
"g06","DENOUNCE","공공연히 비난하다; (조약) 폐기를 선언하다"
"g06","DENSENESS","조밀함"
"g06","DENTURE","의치(한 벌)"
"g06","DENUDE","벌거벗기다"
"g06","DENUNCIATE","공공연히 비난하다"
"g06","DEPLETE","고갈시키다"
"g06","DEPLORE","비난하다; 개탄하다"
"g06","DEPRECIATE","평가절하하다; (가치) 떨어뜨리다"
"g06","DERACINATE","뿌리째 뽑아버리다; 근절하다"
"g06","DERECATE","비난하다; 반대하다"
"g06","DERELICT","태만한, 나태한; (건물) 방치된, 버려진"
"g06","DEROGATE","비하하다, 격하시키다"
"g06","DESECRATE","신성을 모독하다"
"g06","DESICCATE","건조시키다 "
"g06","DESIST","멈추다; 삼가다"
"g06","DESPICABLE","경멸스러운, 비열한, 야비한"
"g06","DESPISE","경멸하다"
"g06","DESULTORY","계획 없는, 목적 없는"
"g06","DETAIN","붙들다, 지체시키다; 구류하다"
"g06","DETERIORATE","악화시키다, 손상시키다"
"g06","DETERMINATIVE","결정적인"
"g06","DETERMINISTIC","결정론의, 결정론적인"
"g06","DETERRENCE","단념시키는 것"
"g06","DETOUR","우회하다"
"g06","DEVIATE","이탈하다, 일탈하다"
"g06","DEVIOUS","부정한 방법을 쓰는; 돌아가는, 우회하는"
"g06","DEXTEROUS","솜씨 좋은, 능숙한"
"g06","DIABOLIC","악마 같은"
"g06","DIAGNOSE","진단하다"
"g06","DIAPHANOUS","(천이) 얇은, 비치는; (생각) 확실하지 않은, (가능성) 희박한"
"g06","DIATRIBE","통렬한 비난, 혹평"
"g06","DICEY","예측할 수 없는, 잠재적으로 위험한"
"g06","DIFFIDENT","자신 없는, 기가 죽은, 수줍어하는"
"g06","DIFFUSE","퍼뜨리다, 확산시키다"
"g06","DIGRESS","(주제에서) 벗어나다"
"g06","DIKE","제방"
"g06","DILAPIDATED","낡은"
"g06","DILATE","확장되다; 장황하게 말하다"
"g06","DILATORY","행동이 느린, 늑장부리는"
"g06","DILETTANTE","아마추어 (예술가)"
"g06","DILUTE","묽게 하다, 약화시키다"
"g06","DIMINUTION","축소, 감소"
"g06","DIN","소음"
"g06","DIPLOMATIC","(사람 다루는 데에) 능숙한, 능란한"
"g06","DIRE","끔찍한, 불길한"
"g06","DIRGE","만가, 비가"
"g06","DISABUSE","그릇된 생각을 없애다"
"g06","DISAFFECT","정떨어지게 하다; 불만을 품게 하다"
"g06","DISARM","적개심을 제거하다; 무장해제시키다"
"g06","DISAVOW","부인하다, 거부하다, 의절하다"
"g06","DISCERN","알아보다, 이해하다, 분별하다"
"g06","DISCERNMENT","인식력, 분별력, 판단력"
"g06","DISCLOSURE","폭로"
"g06","DISCOMBOBULATE","혼란스럽게 하다"
"g06","DISCOMFIT","당황하게 하다"
"g06","DISCOMMODE","폐를 끼치다"
"g06","DISCOMPOSE","마음을 불안케 하다, 마음의 평정을 빼앗다"
"g06","DISCONCERTED","마음이 혼란스런"
"g06","DISCORDANT","불협화음의, 조화를 이루지 못하는"
"g06","DISCREDITABLE","불명예스러운, 비난 받을만한"
"g06","DISCREET","신중한, 조심스러운"
"g06","DISCREPANCY","불일치, 차이, 어긋남"
"g06","DISCRETIONARY","재량껏 할 수 있는"
"g06","DISCURSIVE","산만한, 종작없는"
"g06","DISEMBARRASS","(짐, 장애, 걱정 등에서) 해방하다"
"g06","DISGRUNTLE(D)","화난, 불만족한"
"g06","DISGUISE","위장하다"
"g06","DISILLUSION","몽상이나 잘못된 믿음에서 깨어나게 하다"
"g06","DISINCLINED","하기 싫은, 내키지 않는"
"g06","DISINFECT","살균 소독하다"
"g06","DISINGENUOUS","솔직하지 않은, 부정직한"
"g06","DISINTEGRATE","해체시키다, 해체하다"
"g06","DISJUNCTIVE","연관성이 결여된, 분리하는, 분리성의"
"g07","DISLOCATE","(관절)탈구시키다;위치를 바꾸다,뒤죽박죽으로 만들다, 교란시키다"
"g07","DISMOUNT","(말 등에서) 내리다 "
"g07","DISPARAGE","깎아내리다, 깔보다, 비난하다"
"g07","DISPARATE","본직적으로 다른"
"g07","DISPASSIONATE","감정에 휘둘리지 않는, 냉정한;편견 없는, 공평한"
"g07","DISPIRIT","(열정, 사기, 희망 등을)잃게 하다"
"g07","DISPLACE","(위치)옮기다, 바꾸다; 강제 이주시키다"
"g07","DISPLEASANT","불쾌감을 주는"
"g07","DISPUTABLE","논쟁의 여지가 있는"
"g07","DISSECT","(표본)해부하다"
"g07","DISSEMBLE","가장하다"
"g07","DISSENT","의견을 달리하다, 동의하지 않다"
"g07","DISSIPATE","흩어지게 하다"
"g07","DISSUADE","하지 않도록 설득하다"
"g07","DISTEND","부풀게 하다"
"g07","DISTILL","증류하다"
"g07","DISTRACT","집중하지 못하게 하다"
"g07","DITCH","수로, 도랑, 배수구"
"g07","DITHER","마음이 오락가락하다, 불안, 초조"
"g07","DIVULGE","누설하다, 폭로하다"
"g07","DODDER","(나이 들어서)비틀거리다, 비틀거리며 걷다"
"g07","DODGE","피하다"
"g07","DOGGED","끈질긴, 끈덕진"
"g07","DOGGEREL","엉터리 시"
"g07","DOMICILE","거주지, 집"
"g07","DORMANT","활동이 없는;동면 기에 있는;잠재적인"
"g07","DOSE","일회복용량"
"g07","DOUSE","(물)끼얹다/불을 끄다"
"g07","DOWNGRADE","강등시키다"
"g07","DOWNPLAY","얕보다, 중시하지 않다"
"g07","DOZE","선잠 들다"
"g07","DRACONIAN","가혹한, 아주 엄격한"
"g07","DRAIN","서서히 배출하다, 물기 없애다"
"g07","DRAMATIC","극적인, 인상적인, "
"g07","DRAWL","모음을 늘여서 천천히 말하다"
"g07","DREDGE","물바닥등을 긁어내다, 준설하다"
"g07","DRENCH","흠뻑 적시다"
"g07","DROLL","까부는, 우스꽝스런"
"g07","DRONE","단조롭게 말하다"
"g07","DROP CLOTH","(페인트칠을 할 때)방을막이천"
"g07","DROSS","녹은 금속의 찌꺼기;납동, 물때;가치 없는 것"
"g07","DRUDGERY","허드렛일"
"g07","DUBIOUS","의심하는, 의심스러운"
"g07","DUCTILE","순종적인;(금속)두드려 변형시킬 수 있는, 가소성의"
"g07","DULCET","(소리가)감미로운"
"g07","DULY","적절하게, 적당하게"
"g07","DUPE","속이다"
"g07","DYNAMO","에너지가 넘치는 사람, 정력가"
"g07","EARMARK","(자금, 물건 등을)특정용도로 지정하다"
"g07","EARTHLY","세속적인, 지상의"
"g07","EATABLE","(음식)먹을 수 있는"
"g07","EAVESDROP","몰래 엿듣다"
"g07","EBULLIENCE","쾌활한, 활력 있는;비등하는"
"g07","ECCENTRIC","별난, 엉뚱한"
"g07","ECHELON","위계질서;계층, 명령체계"
"g07","ECLIPSE","일식;명예, 권위 등을 실추시키다;명성의 상실, 권위의 추락"
"g07","ECUMENICAL","보편적인, 전반적인"
"g07","EDIT","편집하다"
"g07","EFFACE","삭제하다, 지워 없애다;눈에 띄지 않게 행동하다"
"g07","EFFERVESCENCE","쾌활함, 활기, 기운이 넘침"
"g07","EFFETE","활력 없는"
"g07","EFFUSIVE","(감정)넘쳐흐르는, 토로하는"
"g07","EIDETIC","선명한, 생생한"
"g07","ELABORATE","복잡한, 정교한"
"g07","ELASTIC","탄력 있는"
"g07","ELATED","아주 즐거워하는, 기뻐하는"
"g07","ELECTIVE","선출의;선출권이 있는;선택적인"
"g07","ELECTRICITY","강한 흥분, 격한 감정"
"g07","ELEGY","애시,애가"
"g07","ELEMENTAL","기본적인"
"g07","ELEVATION","상승, 높아짐"
"g07","ELIMINATE","제거하다"
"g07","ELLIPTICAL","생략적인;(의미)지나치게 생략된, 모호한"
"g07","ELONGATE","(길이)늘이다, 연장하다"
"g07","ELUCIDATE","(명확히)설명하다"
"g07","ELUSIVE","(이해, 정의) 힘든, 피하는, 잡히지 않는"
"g07","EMACIATED","쇠약해진, 수척한"
"g07","EMANATE","발산하다"
"g07","EMBEZZLE","횡령하다"
"g07","EMBOLDEN","대담하게 하다"
"g07","EMBRACE","포용하다, (생각, 의견)채택하다"
"g07","EMERGENCE","출현, 부상, 발생"
"g07","EMINENT","저명한, 유명한"
"g07","EMOLLIENT","피부연화제, 완화제"
"g07","EMPATHETIC","감정이입의"
"g07","EMPIRICAL","경험적인"
"g07","EMPORIUM","큰 상점;상업중심지, 시장"
"g07","EMULATION","경쟁의식, 모범으로 삼음;흉내내기"
"g07","ENCHANT","황홀하게 하다, 매혹시키다"
"g07","ENCODED","암호화된"
"g07","ENCOMIAST","칭송하는 자"
"g07","ENCOMIUM","찬사, 칭찬하는 말"
"g07","ENCOMPASS","둘러싸다, 포위하다, 포함하다"
"g07","ENCUMBER","짐 지우다;막다, 방해하다"
"g07","ENCYCLOPEDIC","포괄적인, 백과사전식인, 해박한"
"g07","ENDEAVOR","노력"
"g07","ENDORSE","승인하다, 지지하다, 보증하다, 배서하다"
"g07","ENDOW","기부하다;주다, 부여하다"
"g07","ENDURING","지속적인"
"g07","ENERGETIC","활력 있는"
"g08","ENERVATE","약화시키다"
"g08","ENFEEBLE","약화시키다"
"g08","ENFRANCHISE","투표권을 주다;자유롭게 해주다"
"g08","ENGROSSED","몰두한"
"g08","ENHEARTEN","용기를 북돋우다"
"g08","ENIGMATIC","난해한"
"g08","ENIMITY","적대감"
"g08","ENNUI","권태"
"g08","ENRAPTURED","기뻐서 어쩔 줄 모르는"
"g08","ENRICH","부유하게 만들다; 향상시키다"
"g08","ENSCONCE","안전한 곳에 두다, 감추다, 숨기다 ;편히 앉히다"
"g08","ENSUE","뒤따라 발생하다"
"g08","ENTANGLE","뒤엉키게 하다, 복잡하게 만들다"
"g08","ENTHRALL","마음을 사로잡다; 노예로 만들다"
"g08","ENTICE","유혹하다"
"g08","ENTRAMMEL","얽히게 하다, 구속하다, 방해하다"
"g08","ENTRANCE","매료시키다"
"g08","ENTRENCHED","굳어진"
"g08","ENUNCIATE","명확히 표현/설명/발음하다"
"g08","ENVY","부러워하다, 탐내다"
"g08","EPHEMERAL","일시적인, 덧없는"
"g08","EPICENTER","(지진) 진앙, 진원지 ; 중심점"
"g08","EPISTEMOLOGY","인식론"
"g08","EPITOMIZE","요약하다; 완벽한 예가 된다"
"g08","EPONYMOUS","-의 이름을 딴"
"g08","EQUABLE","침착한, 차분한; 한결같은, 안정된"
"g08","EQUITABLE","공정한, 공평한"
"g08","EQUIVOCAL","애매한"
"g08","EQUIVOCATE","애매하게 둘러대다"
"g08","ERA","시대, 시기, 연대"
"g08","ERRATIC","변덕스런, 일정하지 않은;비정상적인"
"g08","ERUDITE","박식한"
"g08","ESCALATE","증대시키다, 고조되다"
"g08","ESCHEW","피하다"
"g08","ESOTERIC","난해한, 소수만 아는"
"g08","ESTEEM","존경, 존중, 호의적 평가"
"g08","ESTIMABLE","존경 받을 만한"
"g08","ESTRANGE","(관계) 소원하게 하다"
"g08","ETHEREAL","천상의, 영적인; 가볍고 섬세한"
"g08","ETYMOLOGY","어원, 어원 학"
"g08","EULOGY","칭송, 찬양, 송덕문"
"g08","EUPHENISM","완곡어법"
"g08","EUPHORIA","(강한)행복감"
"g08","EVANESCENT","사라지는"
"g08","EVASIVE","회피하는, 솔직하지 않은"
"g08","EVEN-HANDED","공정한, 공평한"
"g08","EVERLASTING","영원히, 영속적인"
"g08","EVERYDAY","일상적인"
"g08","EVICT","퇴거시키다, 내쫓다"
"g08","EVINCE","분명히 나타내다, 명시하다"
"g08","EVOKE","(감정) 불러일으키다; (반응) 이끌어내다"
"g08","EXACERBATE","악화시키다"
"g08","EXACTING","정확한;엄격한"
"g08","EXALT","칭송하다, 높이다; 고상하게 하다"
"g08","EXCISE","잘라내다, 삭제하다"
"g08","EXCORIATE","심하게 비난하다"
"g08","EXCRUCIATE","심한 고통을 주다, 괴롭히다"
"g08","EXCULPATE","협의를 벗겨주다, 무죄로 하다"
"g08","EXECRABLE","혐오스러운, 형편없는"
"g08","EXECRATE","혐오하다, 비난하다"
"g08","EXEMPLAR","전형, 모범"
"g08","EXEMPTION","면제"
"g08","EXHAUST","기진맥진하게 하다"
"g08","EXHAUSTIVE","포괄적인; 철저한"
"g08","EXHORT","강요하다, 강권하다"
"g08","EXODUS","대 탈출"
"g08","EXONERATE","용서하다, 면제하다"
"g08","EXPEDIENT","편의주의적인; 신속한"
"g08","EXPEDITE","촉진시키다, 추진하다, 신속히 처리하다"
"g08","EXPEDITIOUS","신속한"
"g08","EXPLOIT","위업, 업적; 이용하다, 착취하다"
"g08","EXPONENT","지지자"
"g08","EXTANT","현존하는"
"g08","EXTEMPORANEOUS","즉흥적인, 계획 없이 이루어진"
"g08","EXTEND","확장하다, (범위, 정도) 넓히다"
"g08","EXTENUATE","(죄, 과실) 경감시키다, 가볍게 하다; 야위게 하다"
"g08","EXTINGUISH","불을 끄다"
"g08","EXTOL","극찬하다"
"g08","EXTRANEOUS","관련 없는"
"g08","EXTRICATE","(위험, 곤란에서) 벗어나게 하다, 구해내다, 빼내주다"
"g08","EXTRINSIC","비본질적인, 외래의, 외부의"
"g08","EXUBERANT","열의에 찬, 열광적인, 원기 왕성한, 활력적인"
"g08","EXUDE","스며 나오게 하다, 발산시키다"
"g08","EXULTANT","뛸 뜻이 기뻐하는"
"g08","FABRICATE","만들어내다, 꾸며내다; 제조하다, 조립하다"
"g08","FACETIOUS","익살스런, 웃기는; 가벼운"
"g08","FACILE","피상적인; 손쉬운, 용이한"
"g08","FACILITATE","용이하게 하다"
"g08","FAIL-SAFE","(고장에 대비하여) 안전장치를 갖춘"
"g08","FALLACY","잘못된 생각, 그릇된 논리, 궤변"
"g08","FALTER","주저하다, 비틀거리다"
"g08","FANATIC","열성적인"
"g08","FANTASTIC","비현실적인"
"g08","FARCICAL","우스꽝스런"
"g08","FASCINATE","매료시키다"
"g08","FAST","확고한, 고정된; 금식하다; 금식"
"g08","FASTIDIOUS","꼼꼼한, 까다로운"
"g08","FASTNESS","요새, 안전한 곳; 고정; 신속"
"g08","FATHOM","헤아리다; 수심을 재다"
"g08","FATIGUE","극도의 피로"
"g09","FATUOUS","어리석은, 바보 같은"
"g09","FAULTFINDING","트집잡기"
"g09","FAVOR","편애하다, 지지하다, 유리하다"
"g09","FAWN","아부하다"
"g09","FAZED","당황한"
"g09","FEALTY","(영주에 대한) 충성"
"g09","FEASIBLE","실행 가능한"
"g09","FEATURELESS","뚜렷한 특징이 없는"
"g09","FECKLESS","무기력한, 무책임한"
"g09","FECUND","비옥한, 생산력이 있는, 풍성한"
"g09","FEISTY","적극적인, 원기 왕성한"
"g09","FERAL","야생의, 야생으로 돌아간"
"g09","FERROUS","철의, 철을 함유한"
"g09","FERVOR","열성, 열렬"
"g09","FETTER","족쇄를 채우다, 구속하다"
"g09","FIASCO","대 실패"
"g09","FICKLE","변덕스런"
"g09","FIDELITY","충성, 정조"
"g09","FIGURINE","작은 조각상"
"g09","FILCH","훔치다"
"g09","FILIBUSTER","의사진행방해 (긴 연설 등)"
"g09","FILLY","어린 암말"
"g09","FILMSTRIP","영사슬라이드"
"g09","FILTHY","매우 더러운, 추잡한, 난잡한, 비열한"
"g09","FINALE","공연의 마지막, 대미"
"g09","FINCH","되새류과의 새"
"g09","FINGERPRINT","지문"
"g09","FIR","전나무"
"g09","FIREFLY","반딧불이"
"g09","FIRM","(태도, 마음) 확고한, 굳은"
"g09","FISCAL","재정의, 재무의, 회계의"
"g09","FISSURE","(땅, 바위) 균열, 불화"
"g09","FIT","적당한"
"g09","FITFUL","불규칙적인, 발작적인"
"g09","FIXED","고정된, 견고한, 확고한"
"g09","FLABBY","살이 축 늘어진, 허약한"
"g09","FLAGGING","(힘, 권한, 결심) 약해지는, 축 늘어지는"
"g09","FLAGRANT","극악한, 악명 높은"
"g09","FLAMBOYANT","눈부신, 화려한, 현란한"
"g09","FLANNEL","플란넬, 무명, 면포"
"g09","FLATTER","추켜세우다, 알랑거리다, (찬사 등으로) 기쁘게 하다"
"g09","FLAWED","결점이 있는"
"g09","FLEDGLING","풋내기, 애송이"
"g09","FLEETING","휙 지나가는, 순식간의, 덧없는"
"g09","FLICKER","깜빡 거리다"
"g09","FLIMSY","부서기기 쉬운, 무른, 약한, 설득력이 없는"
"g09","FLIPPANT","경박한, 성의 없는, 무례한"
"g09","FLIT","경쾌하게 움직이다, 빨리 지나가다"
"g09","FLOCK","떼로 모이다, 움직이다."
"g09","FLOPPY","(옷이) 펄럭이는, 늘어진, 느슨한"
"g09","FLOUNDER","간신히 나아가다, 버둥거리다, 몸부림치다"
"g09","FLOURISH","번성하다"
"g09","FLOUT","경멸하다, 비웃다, 멸시하다"
"g09","FLUCTUATE","변동하다"
"g09","FLUVIAL","강의"
"g09","FLUX","흐름, 끝없는 변동"
"g09","FOCUS","중심으로 모이다"
"g09","FOIL","방해하다, 막다"
"g09","FOLLY","어리석음, 우둔"
"g09","FOMENT","선동하다, 자극하다"
"g09","FOOT-DRAGGING","지체, 더딤, 주저"
"g09","FOOTLOOSE","결부된 것이 없는, 마음대로 할 수 있는, 구속되지 않은"
"g09","FORAGE","(식량) 찾아 헤매다"
"g09","FORBEARANCE","인내, 자제"
"g09","FORCEFUL","강력한"
"g09","FORESWEAR","포기하다, 위증하다"
"g09","FORLORN","버림받은, 절망적인"
"g09","FORMIDABLE","겁먹게 하는, 위협적인, 경외감을 갖게 하는"
"g09","FORMULAIC","도식적인, 공식에만 따른"
"g09","FORTHCOMING","다가오는, 임박한, 솔직한"
"g09","FORTUITOUS","우연한"
"g09","FOUL","불쾌하고 역겨운, (날씨) 사나운, 나쁜"
"g09","FOUNDER","침몰하다"
"g09","FRACTIOUS","쉽게 해내는, 다루기 힘든"
"g09","FRAGILE","약한, 부서지기 쉬운"
"g09","FRAGRANT","향기로운"
"g09","FRAIL","약한, 깨지기 쉬운"
"g09","FRANTIC","광란의, 정신 없는, 미쳐 날뛰는"
"g09","FRATERNIZE","사귀다, 친해지다, 형제처럼 지내다"
"g09","FRAUGHT","가득한, (정신) 괴로워하는"
"g09","FRECKLE","주근깨, 거미"
"g09","FREEZE","동결하다"
"g09","FRENETIC","광란의, 지나치게 열광적인"
"g09","FRENZY","광란, 열광"
"g09","FREQUENT","자주 들르다"
"g09","FRETFUL","안달하는, 초조해하는, 화내는, 언짢아하는"
"g09","FRETWORK","실톱세공"
"g09","FRIABLE","쉽게 부서지는"
"g09","FRICTION","마찰"
"g09","FRIGHTEN","겁나게 하다, 놀라게 하다"
"g09","FRILL","허식, 장식"
"g09","FRIVOLOUS","(태도가) 가벼운, 하찮은"
"g09","FROWARD","다루기 힘든, 완고한"
"g09","FRUGAL","검소한, 절약하는"
"g09","FULL-FLEDGED","완전한, 성숙한"
"g09","FULMINATION","심한 비난"
"g09","FULTILITY","헛수고, 무익함"
"g09","FUMBLE","서툴게 다루다, 더듬어 찾다, 말을 더듬거리다"
"g09","FUR","털가죽, 모피"
"g09","FUROR","분노"
"g10","FURROW","홈을 파다, 골, 밭고랑"
"g10","FURTIVE","은밀한"
"g10","FUSSY","지나치게 꼼꼼한"
"g10","FUSTIAN","과장되고 허풍 떠는 (말이나 글)"
"g10","GABBLE","왜곡하다,혼동하다"
"g10","GAFFE","(사교상)실수, 결례"
"g10","GAINSAY","반박하다,부인하다,반대하다"
"g10","GAIT","걸음걸이"
"g10","GALAXY","은하,성운"
"g10","GALL","화나게 하다"
"g10","GALLANT","용감한,정중한"
"g10","GALVANIZE","전기자극을 주다,자극하다"
"g10","GAMBOL","뛰놀다"
"g10","GARGANTUAN","거대한"
"g10","GARGOYLE","사람,동물의 형상을 한 괴물의 조각"
"g10","GARISH","지나치게 화려한"
"g10","GARNISH","장식하다"
"g10","GARRULOUS","지나치게 수다스러운"
"g10","GAUCHE","서투른,세련되지 않은,솜씨 없는"
"g10","GAUDY","(옷,장식)지나치게 화려한, 야한"
"g10","GAUNT","수척해진, 쇠약해진"
"g10","GAVEL","(의장,판사,경매인의)작은 망치,의사봉"
"g10","GENERATOR","발전기"
"g10","GENERIC","일반적인"
"g10","GENIAL","친절하고 쾌활한, 상냥한"
"g10","GERMANE","밀접한 관계가 있는, 적절한"
"g10","GIBBERISH","이해할 수 없는 헛소리, 너무 전문적이어서 난해한 말, 쓸데없이 허황되고 모호한 말"
"g10","GIBE","조롱(하다)"
"g10","GIDDY","경솔한, 진지하지 못한, 현기증 나는"
"g10","GLACIAL","매우 추운, 매우 느린"
"g10","GLACIER","빙하"
"g10","GLANCE","흘긋 보기, 흘긋 보다"
"g10","GLIB","(깊이 없이)말만 유창한, 입심 좋은"
"g10","GLIDE","미끄러지듯이 움직이다"
"g10","GLUT","과도,과다"
"g10","GLUTTON","식신, 식탐이 강한 사람"
"g10","GO-GETTER","공격적인 사람, 진취적인 사람"
"g10","GOSSAMER","매우 얇은, 섬세한"
"g10","GOURMAND","미식가, 대식가"
"g10","GRAFT","접목시키다, 접붙이다"
"g10","GRANDSTAND","(관객,미디어로부터)주목 받으려 하다,(관객을 의식하여)화려한 플레이를 하다"
"g10","GRAPEVINE","유언비어,낭설"
"g10","GRASSY","풀이 덮인, 풀이 무성한"
"g10","GRATIFY","만족시키다"
"g10","GRATING","삐걱 거리;(소리가)신경에 거슬리는"
"g10","GRATUITOUS","무료의, 필요 없는, 근거 없는"
"g10","GRAVE","엄숙한, 진지한"
"g10","GRAVELLY","자갈 같은, 자갈소리가나는, 귀에 거슬리는"
"g10","GREED","탐욕"
"g10","GREEN","경험이 없는, 미숙한, 초목이 우거진"
"g10","GREGARIOUS","사교적인"
"g10","GRIEVOUS","심각한,중대한,슬픈"
"g10","GRILL","엄중히 심문하다, 취조하다"
"g10","GRIM","엄격한,단호한,잔인한,무서운,섬뜩한,무시무시한"
"g10","GRIMACE","찡그림,찡그리다(병,고통 등으로)"
"g10","GRITTY","의지가 굳은, 대담한;모래먼지 투성이의"
"g10","GROUGH","불평꾼,짜증 잘내는 사람"
"g10","GROUNDLESS","근거 없는"
"g10","GROVE","작은 숲, 과수원"
"g10","GROVELING","비굴한,아첨하는;기는"
"g10","GROWL","으르렁거리다"
"g10","GRUDGE","원한"
"g10","GRUELING","몹시 힘든"
"g10","GRUESOME","소름 끼치는, 오싹하는"
"g10","GRUFF","퉁명스런, (목소리)거친, 쉰"
"g10","GRUMBLE","투덜거리다"
"g10","GUFFAW","(천한)가가대소;큰소리로(깔깔)웃다"
"g10","GUILE","속임수, 꾀,술책"
"g10","GULLIBLE","쉽게 속는"
"g10","GULLY","(작은)계곡,협곡"
"g10","GUST","(갑자기)획 부는 바람, 돌풍"
"g10","HACKER","아마추어 스포츠인"
"g10","HACKNEYED","진부한"
"g10","HAIRBREADTH","털끝만한 간격"
"g10","HALCYON","평온한,평화로운"
"g10","HALE","튼튼한"
"g10","HALFHEARTED","열성이 없는, 내키지 않는"
"g10","HALLOW","거룩히 여기다, 신성하게 하다"
"g10","HALLUCINATION","환각"
"g10","HALTING","(말)더듬거리는;막히는"
"g10","HAM-HANDED","서투른,실수하는"
"g10","HAMPER","막다,방해하다"
"g10","HAMSTRING","무력화하다,좌절시키다,다리를 절게하다"
"g10","HANGDOG","처량한, 부끄러워하는"
"g10","HANKERING","갈망하는, 갈망"
"g10","HAPHAZARD","체계적이지 않은"
"g10","HAPLESS","운 없는"
"g10","HAPPY","행복한"
"g10","HARANGUE","장광설;비난,질책;장광설을 늘어놓다;비난하다,질책하다"
"g10","HARASS","괴롭히다"
"g10","HARBINGER","예언자,전조"
"g10","HARBOR","피난처를 제공하다, 숨겨주다"
"g10","HARD-BOILED","현실적인, 실제적인, 무정한, 감상적이지 않은, 비정한"
"g10","HARDY","튼튼한, 억센, 대담한, 용감한"
"g10","HAREBRAINED","경솔한, 무모한"
"g10","HARMONY","화음, 조화"
"g10","HARROW","괴롭히다, 못살게 굴다,망치다,침해하다"
"g10","HARRY","괴롭히다, 못살게 굴다"
"g10","HASTE","서두름, 신속함"
"g10","HASTEN","서두르다"
"g11","HAUNT","자주 가는 장소"
"g11","HAUNTEUR(HAUGHTINESS)","오만함, 거만함"
"g11","HAVEN","항구; 피난처"
"g11","HAVOC","대파괴, 황폐, 대혼란"
"g11","HEADLONG","무모한, 성급한"
"g11","HEARTEN","용기를 주다, 확신을 주다"
"g11","HEART-RENDING","마음을 찢어지게 하는, 매우 슬픈"
"g11","HEARTSICK","상심한"
"g11","HEATED","화난, 격렬한; 열렬한"
"g11","HECKLE","괴롭히다"
"g11","HEDGEROW","생울타리, 담장"
"g11","HEDONISM","쾌락주의"
"g11","HEED","주의를 기울이다"
"g11","HEINOUS","(행동) 극악한"
"g11","HELTER-SKELTER","허둥지둥"
"g11","HEM","둘러대다; 제한하다"
"g11","HERESY","이단"
"g11","HERETIC","(일반적인 믿음)따르지 않는 사람, 이단자"
"g11","HERMITAGE","은둔장소; 세상과 분리되어 살 수 있는 곳"
"g11","HEROIC","영웅적인, 용감한"
"g11","HETERODOX","(일반적인 믿음)따르지 않는"
"g11","HEYDAY","전성기"
"g11","HIDEBOUND","완고한, 몹시 보수적인"
"g11","HIEROGLYPH","(이집트)상형문자"
"g11","HIGH-STRUNG","신경이 날카로운, 화 잘 내는"
"g11","HILLOCK","작은 언덕"
"g11","HINDER","방해하다 "
"g11","HIRSUTE","털이 많은"
"g11","HISS","쉬' 소리를 내다;비난하다"
"g11","HISTRIONIC","배우의, 연기의; 지나치게 감정적인"
"g11","HOARD","보관하다, 저장하다;(몰래) 저장하다"
"g11","HOARSE","(목소리가)거친, 쉰 소리가 나는"
"g11","HOARY","백발의, 나이든; 오래된, 진부한"
"g11","HOBBLE","절뚝거리다"
"g11","HODGEPODGE","뒤죽박죽"
"g11","HOIST","들어올리다"
"g11","HOLLOW","텅 빈, 내용 없는"
"g11","HOMAGE","존경"
"g11","HOMILY","설교;지루한 도덕적 훈계"
"g11","HOMOGENEOUS","동종의, 균질의, 비슷한"
"g11","HORTATIVE","(조언, 연설 등이)격려하는; 충고의"
"g11","HUBRIS","지나친 자신감, 오만함"
"g11","HUE","색깔, 색조"
"g11","HULL","겉껍질"
"g11","HUMBLE","겸손한, 겸허한"
"g11","HUSBAND","아껴 쓰다, 절약하다"
"g11","HUSK","껍질, 중요하지 않은 부분"
"g11","HUSKY","(소리가)거친; 건장한"
"g11","HUT","오두막; 임시로 지은 숙소"
"g11","HYBRID","잡종의"
"g11","HYDROGEN","수소"
"g11","HYGIENE","위생"
"g11","HYPERBOLE","과장된 말, 과장법"
"g11","HYPNOTIC","최면에 걸리게 하는, 잠이 오게 하는"
"g11","ICONOCLAST","성상파괴자; 인습타파론자"
"g11","IDIOSYNCRASY","특유의 성질"
"g11","IGNITE","불 붙이다, 자극하다"
"g11","IGNOMINY","불명예, 치욕, 굴욕"
"g11","IGNORANCE","무지, 무식"
"g11","ILLEGIBLE","읽을 수 없는, 해독 불가한"
"g11","ILLICIT","불법적인"
"g11","ILLITERACY","무학, 문맹, 무교양"
"g11","ILLUSTRATE","(그림, 차트, 예를 이용해서) 명확히 설명하다"
"g11","IMBUE","(생각)주입시키다; 스며들게 하다; (색깔)물들이다"
"g11","IMMATERIAL","중요하지 않는, 관련 없는; 영적인"
"g11","IMMEASURABLE","측정할 수 없는, 무한한"
"g11","IMMEDIATE","(시간, 장소, 관계)가까운, 즉각적인"
"g11","IMMEMORIAL","옛날의, 태곳적의"
"g11","IMMERSE","푹 담그다; 열중, 몰두시키다"
"g11","IMMINENT","임박한"
"g11","IMMODERATE","절도를 잃은, 과도한, 극단적인"
"g11","IMMORTALIZE","불멸로 만들다, 불후의 명성을 주다"
"g11","IMMUNE","면역의; 면제된"
"g11","IMMUTABLE","불변의"
"g11","IMPACTED","(쇄기처럼)박힌, 꽉 끼인"
"g11","IMPAIR","약화시키다, 손상시키다"
"g11","IMPARTIAL","공정한"
"g11","IMPASSIONATE","열정적인"
"g11","IMPASSIVE","무정한, 비정한, 무표정한"
"g11","IMPEACHABLE","탄핵을 받을 만한, 비난 받을 만한"
"g11","IMPECCABLE","결함 없는, 완벽한"
"g11","IMPECUNIOUS","무일푼의"
"g11","IMPEDE","방해하다, 훼방 놓다"
"g11","IMPEL","강요하다, 강제하다"
"g11","IMPENETRABLE","통과할 수 없는, 스며들 수 없는, 이해할 수 없는"
"g11","IMPENITENT","뉘우치지 않는"
"g11","IMPERCEPTIBLE","지각/감지할 수 없는, 미세한, 경미한"
"g11","IMPERIOUS","오만한, 고압적인"
"g11","IMPERMEABLE","불침투성의"
"g11","IMPERTURBABILITY","침착, 차분, 평정"
"g11","IMPERVIOUS","통과할 수 없는; 영향을 받지 않는, 해를 입지 않는"
"g11","IMPETUOUS","충동적인, 성급한"
"g11","IMPLANT","심다, 이식하다, 박다, 주입하다"
"g11","IMPLEMENT","이행하다"
"g11","IMPLICIT","암시된, 암묵적인"
"g11","IMPLY","암시하다"
"g11","IMPOLITIC","지각 없는, 무분별한, 현명치 못한"
"g11","IMPORTUNE","성가시게 졸라대다"
"g11","IMPRACTICABLE","실행 불가능한"
"g11","IMPROMPTU","즉흥적인; 즉흥연주"
"g12","IMPROVIDENT","미래를 대비하지 않는 낭비하는"
"g12","IMPRUDENT","신중하지 못한 경솔한 무분별한"
"g12","IMPUDENT","무례한 불손한 건방진"
"g12","IMPUGN","의심하다,이의를 제기하다,비난하다,공격하다"
"g12","INALIENABLE","양도할 수 없는"
"g12","INANE","무의미한"
"g12","INANIMATE","살아있지 않은 생명이 없는"
"g12","INATTENTIVE","무관심한 부주의한"
"g12","INAUGURATE","시작하다 취임시키다"
"g12","INAUSPICIOUS","불길한 불리한 불행한"
"g12","INCANTATION","주술"
"g12","INCARCERATE","투옥시키다. 감금시키다"
"g12","INCENDIARY","방화범; 선동가"
"g12","INCEPTION","시작 설립"
"g12","INCESSANT","끊임없이 계속 이어지는"
"g12","INCH","천천히 움직이다"
"g12","INCIPIENT","시작단계의"
"g12","INCITE","자극하다. 선동하다"
"g12","INCLEMENT","혹독한 궂은"
"g12","INCOGITANT","사려 없는 분별없는 경솔한"
"g12","INCOGNIZANT","모르는 무지한"
"g12","INCOHERENT","(말 글)조리가 없는"
"g12","INCOMBUSTIBLE","불연성의"
"g12","INCOMPREHENSIBLE","이해할 수 없는"
"g12","INCONCLUSIVE","결정적이지 않은"
"g12","INCONSIDERABLE","(양)적은(크기)작은"
"g12","INCONSONANT","일치하지 않는 조화되지 않는"
"g12","INCONSPICUOUS","명확히 보이지 않는"
"g12","INCONSTANT","변하기 쉬운 변덕스러운 일정하지 않은"
"g12","INCONTESTABLE","논의의 여지가 없는 명백한"
"g12","INCONTROVERTIBLE","(논쟁, 의문) 여지가 없는"
"g12","INCORPOREAL","비물질적인, 비육체적인"
"g12","INCORRIGIBLE","고집불통의 구제불능의"
"g12","INCREDIBLE","믿을 수 없는"
"g12","INCREDULOUS","잘 안 믿는"
"g12","INCRIMINATE","죄를 씌우다. 고소하다"
"g12","INCULPATE","혐의를 씌우다. 죄를 씌우다"
"g12","INCURSION","침입"
"g12","INDECIPHERABLE","판독이 불가능한, 이해할 수 없는"
"g12","INDECOROUS","예의 없는 무례한"
"g12","INDEFATIGABLE","지치지 않는"
"g12","INDEFEASIBLE","무효화 할 수 없는"
"g12","INDELIBLE","지울 수 없는, 제거 할 수 없는"
"g12","INDEMONSTRABLE","증명할 수 없는"
"g12","INDICT","기소하다"
"g12","INDISCRIMINATION","무분별한 행동, 무차별"
"g12","INDISPENSABLE","필수불가결의"
"g12","INDOMITABLE","불굴의, 꿋꿋한 불복하지 않는"
"g12","INDULGE","탐닉하다. 관대히 대하다"
"g12","INEDIBLE","먹을 수 없는"
"g12","INEFFABLE","말로 표현할 수 없는 형언할 수 없는"
"g12","INEFFACEABLE","지워질 수 없는 잊을 수 없는"
"g12","INELUCTABLE","피할 수 없는"
"g12","INEPT","서투른"
"g12","INEQUITY","불공정, 불공평"
"g12","INERT","움직이지 않는 활력 없는"
"g12","INEVITABLE","피할 수 없는 불가피한"
"g12","INEXORABLE","설득할 수 없는, 막을 수 없는"
"g12","INEXPUNGIBLE","지울 수 없는"
"g12","INFECUND","생산성이 없는, 아이를 낳을 수 없는"
"g12","INFILTRATE","잠입하다"
"g12","INFINITESIMAL","극소의 , 매우 작은"
"g12","INFIRM","허약한 (마음)불확실한"
"g12","INFIRMARY","양호실"
"g12","INFLATE","부풀게 하다 확장시키다 팽창시키다"
"g12","INFLEXIBLE","마음을 바꾸지 않는 융통성이 없는"
"g12","INFORMALITY","비공식성, 격식을 차리지 않음"
"g12","INFRACTION","(법률 약속) 위반"
"g12","INFRANGIBLE"," 부서지지 않는 위반해서는 안되는"
"g12","INFURIATE","몹시 화나게 하다 분노케 하다"
"g12","INFUSE","가득 채우다 주입하다"
"g12","INGENIOUS","독창적인"
"g12","INGENUOUS","순진한 솔직한"
"g12","INGRAINED","(기질 습관) 뿌리깊은 깊이 박힌"
"g12","INGRATIATE","환심을 사기 위해서 비위를 맞추다"
"g12","INHERENT","본질적인, 타고난"
"g12","INHIBIT","(행동, 진행)막다. 제한하다"
"g12","INIMICAL","해로운 적대적인"
"g12","INIQUITY","부도덕함, 사악함, 극악함"
"g12","INJURIOUS","해로운 비방하는 모략하는"
"g12","INKLING","어렴풋이 알고 있음"
"g12","INNATE","타고난 자연스런"
"g12","INNOCUOUS","무해한"
"g12","INNOVATION","혁신"
"g12","INSALUBRIOUS","몸에 해로운"
"g12","INSALVAGEABLE","구해낼 수 없는"
"g12","INSATIABLE","(식욕, 욕망)만족시킬 수 없는"
"g12","INSCRUTABLE","불가사의한 난해한"
"g12","INSENSITIVE","(타인에 대해)민감하지 않은 무신경한"
"g12","INSENTIENT","무감각한 비정한 생명 없는"
"g12","INSOLENT","무례한 불손한 건방진"
"g12","INSOUCIANT","태평한 근심이 없는"
"g12","INSTABLE","불안정한"
"g12","INSTILL","(점차적으로)주입하다"
"g12","INSTRUMENTALIST","악기 연주자"
"g12","INSUBSTANTIAL","허약한 튼튼하지 않은"
"g12","INSULAR","섬의 고립된 편협한"
"g12","INSURGENT","반란을 일으킨 사람"
"g12","INTANGIBLE","만질 수 없는 비물질적인"
"g12","INTEGRAL","불가결한 필수의"
"g13","INTEMPERATE","무절제한, 방탕한"
"g13","INTENSIFY","심화시키다; 강화시키다"
"g13","INTENTIONALITY","의도성"
"g13","INTER","매장하다"
"g13","INTERIM","중간의, 임시의"
"g13","INTERLOPER","남의 일에 참견하는 사람; (남의 영역, 상황, 활동에) 끼어드는 사람"
"g13","INTERMINABLE","끝없는"
"g13","INTERMITTENT","때때로, 가끔 발생하는"
"g13","INTERPOSE","삽입시키다; 양자 사이에 개입하다"
"g13","INTIMATE","넌지시 알려주다, 암시하다"
"g13","INTIMIDATE","위협하다"
"g13","INTRACTABLE","유순하지 않는, 다루기 힘든, 고집 센"
"g13","INTRANSIENT","금방 사라지지 않는, 영구적인"
"g13","INTRANSIGENT","비타협적인, 완고한"
"g13","INTREPID","겁 없는, 대담한"
"g13","INTRICATE","복잡한, 얽힌"
"g13","INTRINSIC","본질적인"
"g13","INVECTIVE","욕설, 모욕적인 말"
"g13","INVESTIGATE","조사하다"
"g13","INVETERATE","만성적인"
"g13","INVIGORATE","기운나게하다, 격려하다"
"g13","INVINCIBLE","이길 수 없는, 무적의"
"g13","INVIOLATE","신성한, 더럽혀지지 않은"
"g13","IRASCIBLE","화 잘 내는"
"g13","IRE","화, 분노; 화나게 하다"
"g13","IRIDESCENT","무지개 빛깔의"
"g13","IRK","짜증나게 하다; 화나게 하다"
"g13","IRRADIANCE","복사 조도; 발광"
"g13","IRRATIONAL","이성이 없는, 불합리의, 무리한"
"g13","IRREFUTABLE","논박할 수 없는"
"g13","IRRELEVANT","관련 없는"
"g13","IRREPROACHABLE","비난의 여지가 없는, 흠잡을 데 없는"
"g13","IRRESOLUTION","주저함, 마음의 불확실"
"g13","IRREVERENT","불손한, 불경스런"
"g13","ISOMORPHOUS","동형의"
"g13","ISSUE","나오다, 흘러나오다; 방출하다, 지급하다; 발표하다"
"g13","ISTHMUS","지협; 두 개의 육지를 연결하는 좁고 긴 땅"
"g13","JADED","지친, 지긋지긋한, 싫증난"
"g13","JAUNDICE","편파적으로 대하다"
"g13","JAUNTY","경쾌한, 활발한"
"g13","JEJUNE","순진한, 피상적인; 재미없는"
"g13","JITTERY","신경질적인, 초조해하는"
"g13","JOCOSE","익살맞은, 웃기는"
"g13","JOCULAR","익살맞은, 떠드는, 까부는"
"g13","JOCUND","쾌활한"
"g13","JOLT","(갑자기, 난폭하게) 흔들다, 마구 흔들다"
"g13","JOURNAL","일기, 일지; 신문, 잡지"
"g13","JUBILANT","환희에 가득 찬, 매우 기뻐하는"
"g13","JUDICIOUS","현명한"
"g13","JUGGERNAUT","엄청난 파괴력, 불가항력"
"g13","KEEN","열렬한, 예리한, 날카로운"
"g13","KINDRED","동족의, 관련된"
"g13","KNEAD","반죽하다"
"g13","KNOLL ","작은 언덕"
"g13","KNOTTY","매듭으로 가득한; 풀기 어려운"
"g13","KUDOS","영광, 명성; 찬양"
"g13","LABYRINTH","미로"
"g13","LACERATE","찢다; 깊은 상처를 주다, 괴롭히다"
"g13","LACHRYMOSE","눈물이 가득한; 눈물 나게 하는"
"g13","LACONIC","간결한, 과묵한, 무뚝뚝한"
"g13","LADLE","국자"
"g13","LAG","꾸물거리다, 처지다"
"g13","LAGGARD","꾸물거리는, 처지는; 게으름뱅이"
"g13","LAMBASTE","심하게 비난하다"
"g13","LAMENT","한탄하다, 애통해하다"
"g13","LANGUID","늘어진, 나른한, 기력 없는"
"g13","LANGUISH","기력을 잃다, 쇠약해지다"
"g13","LANGUOR","쇠약; 무기력, 권태; 무관심"
"g13","LARDER","식료품 저장실"
"g13","LARGESSE","후함"
"g13","LARVAL","유충의, 유충단계에 있는; 미성숙한"
"g13","LASSITUDE","무기력"
"g13","LAUD","칭찬하다, 찬양하다"
"g13","LAUDABLE","칭찬받을 만한, 훌륭한"
"g13","LAVISH","사치스런, 아낌없는"
"g13","LAX","축 늘어진; 엄하지 않은, 관대한, 부주의한"
"g13","LAYOVER","(여행) 일시 중단; 도중하차"
"g13","LAYPERSON","문외한"
"g13","LAZE","빈둥거리다, 게으름 피우다"
"g13","LEADEN","둔한, 느릿한; 활기 없는"
"g13","LEAN","마른; 기울어지다, 기대다"
"g13","LEANING","기호, 편애"
"g13","LEARNED","유식한"
"g13","LEAVEN","발효시키다, 부풀어 오르게 하다"
"g13","LEGEND","(지도, 도표 등의) 범례, 기호의 설명 표"
"g13","LEGENDARY","전설적인, 매우 유명한"
"g13","LEGERDEMAIN","요술, 마술; 날랜 손재주; 속임수"
"g13","LEGIBLE","읽을 수/이해할 수 있는"
"g13","LESSEN","줄이다, 줄어들다"
"g13","LETHARGY","무기력"
"g13","LETTERED","박식한, 교육받은"
"g13","LEVIATHAN","거대한 바다동물; 거대한 것"
"g13","LIBEL","문서에 의한 명예훼손; (문서로) 명예를 훼손하다"
"g13","LIBERALITY","후함, 관대함"
"g13","LIBERATE","자유롭게 풀어주다"
"g13","LIBERTINE","난봉꾼"
"g13","LICENSE","허락, 인가하다"
"g13","LICENTIOUS","음란한, 문란한"
"g13","LIGHTHEARTED","걱정이 없는, 쾌활한, 명랑한"
"g13","LIKEN","비유하다, 비견하다"
"g14","LIMELIGHT","주목을 받게 하다"
"g14","LIMERICK","5행 희시"
"g14","LIMP","절뚝거리다"
"g14","LIMPID","(액체)깨끗한, 맑은"
"g14","LIONIZE","명사로 대접해주다, 치켜세우다"
"g14","LISSOME","유연한, 우아한"
"g14","LITHE","유연한, 우아한, "
"g14","LOAF","빈둥거리다"
"g14","LOATHE","혐오하다"
"g14","LOFT","위로 차 올리다, 위로 올라가다"
"g14","LOFTY","숭고한"
"g14","LOG","여행의 기록;운항일지"
"g14","LONGEVITY","장수, 오래 지속됨"
"g14","LOQUACIOUS","(매우)수다스러운"
"g14","LUBRICATE","기름칠하다, 매끄럽게 하다, 원활하게 하다"
"g14","LUCID","명백하여 이해하기 쉬운"
"g14","LUG","(짐)힘들여 끌다"
"g14","LUGUBRIOUS","침울한, 슬픈"
"g14","LULL","일시적 잠잠함, 잠시 중단, 소강상태;달래다, 어르다, 재우다"
"g14","LUMINARY","선각자, 권위자, 유명인"
"g14","LURID","무시무시한;(색깔)매우 밝은, 선정적인"
"g14","LURK","잠복하다, 숨어서 기다리다."
"g14","LUSTER","광택"
"g14","LUXURIANT","무성한, 비옥한,  풍성한"
"g14","LUXURIOUS","사치스런;호사스런"
"g14","MACABRE","으스스한, 소름 끼치는"
"g14","MACULATE","반점이 있는, 더러워진;반점을 찍다, 더럽히다"
"g14","MADCAP","무모한, 황급한, 미친"
"g14","MAGNANIMITY","도량, 관대함"
"g14","MAGNILOQUENT","호언 장담하는"
"g14","MAJESTIC","위엄한, 당당한, 장엄한"
"g14","MALADROIT","솜씨 없는, 서투른"
"g14","MALADY","질병, 병폐"
"g14","MALAISE","초조, 불안, 불편, 불쾌"
"g14","MALEVOLENT","악의적인, 사악한"
"g14","MALICIOUS","악의(적의)있는, 심술궂은"
"g14","MALINGER","꾀병을 부리다, (의무)회피하다"
"g14","MALLEABLE","(금속)변형이 잘 되는"
"g14","MALODOROUS","악취가 나는"
"g14","MANIAC","광적으로 열중하는 사람"
"g14","MANIFEST","뚜렷한, 명백한, "
"g14","MANUMIT","해방(석방)하다"
"g14","MAR","망치다, 손상하다"
"g14","MARBLED","대리석 무늬의"
"g14","MARGINAL","사소한, 중요하지 않은"
"g14","MARSHY","질퍽한;습지의"
"g14","MARTIAL","호전적인"
"g14","MARTINET","엄격한 규율가, 엄격한 교관"
"g14","MARVEL","놀라운 것"
"g14","MASK","가면;숨기다, 가리다"
"g14","MASTERFUL","명인 솜씨의, 대가의, 훌륭한"
"g14","MASTICATE","씹다"
"g14","MATCHLESS","적수가 없는, 대단한"
"g14","MATTER-OF-FACT","현실적인, 실질적인, "
"g14","MAUDLIN","지나치게 감상적인, 취하면 우는"
"g14","MAVERICK","독불장군"
"g14","MAWKISH","매우 감상적인"
"g14","MEAN","질이 떨어지는, 가치가 없는, 양이 적은, 시시한"
"g14","MEANDER","정처 없이 거닐다, (강)굽이굽이 흐르다"
"g14","MEASLY","(양)아주 조금인"
"g14","MEASURE","악보한마디;측정하다"
"g14","MEASURED","정확히 측정한;신중한"
"g14","MEDDLE","참견하다"
"g14","MEEK","온순한, 유순한"
"g14","MEET","적절한"
"g14","MELANCHOLY","우울한"
"g14","MELLIFLUOUS","(소리, 말)감미로운"
"g14","MELODIOUS","듣기 좋은"
"g14","MENACE","위협하는 사람;위협하다"
"g14","MEND","고치다, 수선하다"
"g14","MENDACIOUS","거짓말하는"
"g14","MENDICANT","구걸하는;거지"
"g14","MENIAL","하인의, 비천한"
"g14","MENSURABLE","측정 가능한, "
"g14","MENTOR","조언자"
"g14","MERCURIAL","변덕스런"
"g14","METAMORPHOSE","변형하다"
"g14","METAPHORIC(AL)","은유의, 은유적인"
"g14","METEORIC","유성같이 빠른"
"g14","METICULOUS","지나치게 꼼꼼한, 주의 깊은, 정확한"
"g14","METTLE","용기, 원기, 기개"
"g14","MINATORY","위협하는 사람;위협하다"
"g14","MIND","꺼리다;복종하다"
"g14","MINDFUL","인식하는, 알고 있는"
"g14","MINE","탄광;채굴하다"
"g14","MINESHAFT","탄광의 갱도"
"g14","MINT","대량, 다량; 화폐주조 소, 조폐국"
"g14","MINUTE","(요리)즉석으로 만든;미세한, 상세한"
"g14","MINUTIA","작고 사소한 세부사항"
"g14","MIRE","습지, 늪;곤경;(어려운 상황에)얽히게 하다"
"g14","MISCELLANEOUS","갖가지 잡다한;잡동사니의"
"g14","MISCONSTRUCTION","곡해;오해"
"g14","MISCREANT","범법자"
"g14","MISDEMEAN","나쁜 행동을 하다"
"g14","MISFORTUNE","불운;불행한 일"
"g14","MISHAP","불행한 일"
"g14","MISLEAD","속이다, 오도하다"
"g14","MITIGATE","완화시키다"
"g14","MNEMONIC","기억을 돕는 장치"
"g14","MODERATE","적절하게 하다, 완화시키다"
"g15","MODICUM","소량"
"g15","MOLD","모양을 바꾸다;변형시키다"
"g15","MOLLIFY","달래다"
"g15","MOMENT","중요성"
"g15","MONARCH","군주"
"g15","MONOPOLIZE","독점하다"
"g15","MORBID","병의,병적인"
"g15","MORDANT","신랄한"
"g15","MORIBUND","다 죽어가는;기력 없는"
"g15","MOROSENESS","시무룩하고 언짢은 상태"
"g15","MORTAR","막자 사발"
"g15","MOTLEY","잡동사니의,잡색의"
"g15","MOTTLE","점,얼룩을 묻히다"
"g15","MUFFLE","소음(消音)시키다"
"g15","MULISH","고집스런"
"g15","MUNDANE","평범한,흔한;세속적인"
"g15","MUNIFICENT","돈을 후하게 쓰는"
"g15","MUSICIAN","음악가;악기연주자"
"g15","MUTABILITY","변화성"
"g15","MUTATE","변화하다,변화시키다"
"g15","MUTE","소리 없는"
"g15","MYOPIA","근시안"
"g15","MYRIAD","수많은,다수"
"g15","NADIR","천저,밑바닥,절망상태"
"g15","NAÏVE","순진한,순박한,경험이 없는"
"g15","NASCENT","지금 막 생겨난"
"g15","NATTY","말끔한"
"g15","NEBULOUS","흐린,구름 같은,뚜렷하지 않은"
"g15","NEFARIOUS","사악한,범법의"
"g15","NEGLIGENT","태만한;적절한 주의를 기울이지 못하는"
"g15","NEGLIGIBLE","하찮은"
"g15","NEGOTIATE","협상하다"
"g15","NEMESIS","복수의 화신;강적"
"g15","NEPOTISM","친족주의"
"g15","NERVY","건방진,뻔뻔스런"
"g15","NETHER","아래의,밑의"
"g15","NETTLE","화나게 하다,안절부절못하게 하다;쐐기풀"
"g15","NIBBLE","조금씩 물어뜯다,잠식하다"
"g15","NICE","철저한,꼼꼼한,정확한"
"g15","NIMBLE","민첩한,영리한"
"g15","NITPICK","트집잡다"
"g15","NITROGEN","질소"
"g15","NOCTURNAL","밤의,야행성의"
"g15","NOISOME","불쾌한,해로운,악취가 나는"
"g15","NONCHALANT","태연한,무관심한"
"g15","NONCOMMITTAL","분명한 의견을 표명하지 않은,애매한,확실하지 않은"
"g15","NONCONFORMITY","(표준,전통,규칙,법률 등)따르지 않음,불순응,불일치"
"g15","NONDESCRIPT","뚜렷한 특징이 없는"
"g15","NONENTITY","있으나 마나한 인간(사물)"
"g15","NONPLUS","혼란스럽게 하다,놀라게 하다"
"g15","NOTORIETY","(악명으로)유명함"
"g15","NOXIOUS","해로운,불쾌한"
"g15","NUANCE","미묘한 차이,음영"
"g15","NUGATORY","증요하지 않은,하찮은"
"g15","NUISANCE","귀찮은 것,성가신 것,폐"
"g15","NULLIFY","무효화하다"
"g15","NUMBERLESS","셀 수 없이 많은"
"g15","NURTURE","양육하다,돌보다"
"g15","OAF","바보,멍청이,기형아"
"g15","OBDURATE","고집 센"
"g15","OBEDIENT","순종적인,복종을 잘하는"
"g15","OBEISANT","정중한"
"g15","OBFUSCATE","애매하게 하다,어리둥절하게 하다"
"g15","OBLIQUE","기울어진,비스듬한,완곡한,모호한;부정한,잘못된"
"g15","OBLITERATE","완전 제거하다,지우다"
"g15","OBLIVIOUS","알아채지 못한,염두에 없는,망각한"
"g15","OBSCENITY","저속한 행동,말"
"g15","OBSCURE","불명료하게 하다;불명료한;유명하지 않은"
"g15","OBSEQUIOUS","아부하는"
"g15","OBSERVABLE","관찰할 수 있는,주목할 만한"
"g15","OBSOLESCENCE","쇠퇴함,퇴행"
"g15","OBSOLETE","구식의,못쓰게 된"
"g15","OBSTACLE","방해물,장애물"
"g15","OBSTINATE","완고한,완강한"
"g15","OBSTREPEROUS","통제가 안되는,시끄러운,떠들썩한"
"g15","OBTRUSIVE","눈에 거슬리는"
"g15","OBTUSE","둔한,이해가 매우 느린;뭉텅한,둔한"
"g15","OBVIATE","불필요하게 하다;예방하다,제거하다"
"g15","OBVIOUS","명백한"
"g15","OCCLUDE","닫다,가두다,막다"
"g15","OCCULT","숨겨진,눈에 보이지 않는,난해한"
"g15","ODIOUS","몹시 불쾌한,혐오스런"
"g15","ODIUM","증오,미움;비난,악평"
"g15","OFFBEAT","색다른"
"g15","OFFICIOUS","참견이 심한"
"g15","OMNIPOTENT","전능한"
"g15","ONEROUS","힘든,성가신,귀찮은"
"g15","ONSET","시작"
"g15","OPACITY","불투명 성"
"g15","OPULENT","부유한,풍성한"
"g15","ORATOR","웅변가,대중연설 가"
"g15","OSCILLATE","진동하다,주저하다,흔들리다"
"g15","OSSIFY","골화(骨化)되다;보수화되다"
"g15","OSTENSIBLE","표면상의,겉보기만의;명백한,명료한"
"g15","OSTENTATIOUS","자랑/과시하는,허세부리는"
"g15","OSTRACIZE","추방하다"
"g15","OUST","(지위,장소에서)내쫓다,축출하다"
"g15","OUTLANDISH","별난,기이한,희한한;이국적인"
"g15","OUTLAW","범법자,무법자"
"g15","OUTMODED","구식의,못쓰게 된"
"g16","OUTSTANDING","뛰어난"
"g16","OVERBEARING","횡포한,고압적인,거만한;압도적인"
"g16","OVERHAUL","정밀 점검하다;전면 개 보수하다"
"g16","OVERLOOK","간과하다;무시하다"
"g16","OVERT","공공연한,명백한,숨김없는"
"g16","OVERTURE","(오페라,오라트리오)서곡"
"g16","PACIFY","달래다,진정시키다"
"g16","PADDING","(완충이나 소음 예방 목적의)속,심"
"g16","PAEAN","찬가,승전가"
"g16","PAINSTAKING","애쓰는,수고를 아끼지 않는,면밀한,철저한"
"g16","PALATABLE","맛있는"
"g16","PALATIAL","궁전같이 웅장하고 멋진"
"g16","PALLIATE","(증상)완화시키다"
"g16","PALLID","(얼굴) 창백한"
"g16","PALPABLE","촉각으로 느낄 수 있는;명백한,뚜렷한"
"g16","PALPITATE","(심장)빠르게 뛰다"
"g16","PALTER","둘러대다,얼버무리다,속이다"
"g16","PALTRY","시시한,양이 적어서 하찮은"
"g16","PAN","심하게 비난하다"
"g16","PANACHE","당당한 태도,품격,기백,과시"
"g16","PANDEMIC","(병이) 전국이나 전세계적으로 퍼지는;그런 전염병"
"g16","PANEGYRIC","칭송,찬양"
"g16","PANORAMA","전경"
"g16","PANTRY","(식료품,식기) 보관실"
"g16","PARADIGMATIC","전형적인"
"g16","PARAGON","완벽한 예가 되는 사람이나 사물,모범,전형"
"g16","PARALYZE","마비[활동 못하게]시키다"
"g16","PARAMOUNT","가장 중요한,최고의"
"g16","PARIAH","사회적으로 경멸 받고 따돌림 당하는 사람,추방자"
"g16","PARITY","동등,동격,동량"
"g16","PARITY","희귀함; 희귀하고 진귀한 것"
"g16","PARODY","패러디,풍자적 모방(희화화)"
"g16","PAROXYSM","갑작스런 발작,감정의 폭발"
"g16","PARROT","기계적으로 떠라 하다,기계적으로 반복해서 말하다"
"g16","PARRY","공격을 피하다;대답을 회피하다"
"g16","PARSIMONIOUS","인색한"
"g16","PASTORAL","전원적인"
"g16","PAT","적절한,능숙한;연습한 것처럼/외운 것처럼 딱 맞는"
"g16","PATENT","명백한,눈에 띄는"
"g16","PATRONIZE","후원하다;우월하게 행동하다,생색내다"
"g16","PAUCITY","소량,결핍,부족"
"g16","PEACEABLENESS","온건함,평화로움"
"g16","PECK","부리로 쪼다;가볍게 키스하다"
"g16","PEDAGOGUE","선생님;교육자"
"g16","PEDANTIC","현학적인;규정,작은 것에 너무 매달리는"
"g16","PEDESTRIAN","평범한,진부한"
"g16","PEEL ","껍질"
"g16","PEEP","(새 새끼,쥐)짧고,부드럽고,높은 음(을 내다)"
"g16","PEERLESS","최고의,적수가 없는"
"g16","PEEVE","화나게 하다"
"g16","PEJORATIVE","경멸적인,비난적인"
"g16","PELF","돈,부유함"
"g16","PELL-MELL","뒤죽박죽,황급한"
"g16","PENCHANT","강한 기호,경향,좋아함"
"g16","PENDULUM","시계추"
"g16","PENETRATING","직관력이 있는,통찰력 있는, 현명한"
"g16","PENITENT","참회하는,뉘우치는,회개한"
"g16","PENURIOUS","몹시 가난한;인색한"
"g16","PEP","활기,원기,활력"
"g16","PERCEIVE","인식하다,이해하다"
"g16","PERCIPIENT","지각하는,감지하는,통찰력 있는"
"g16","PEREGRINATION","방랑"
"g16","PEREMPTORY","단호한,지엄한;위압적인,독단적인"
"g16","PERENNIAL","지속적인,영구적인"
"g16","PERFIDY","배신,속임"
"g16","PERFORATE","구멍 뚫다"
"g16","PERFUNCTORY","성의 없이 되어진"
"g16","PERIPATETIC","순회하는,돌아다니는"
"g16","PERIPHERAL","주변부의,중요하지 않은"
"g16","PERMANENT","영구적인,불변하는"
"g16","PERMISSIVENESS","관대함,허용적인"
"g16","PERMUTE","변경하다,순서를 바꾸다"
"g16","PERNICIOUS","해로운"
"g16","PERORATION","끝맺는 말,(연설) 결어"
"g16","PERPETRATE","(범죄,과실,실책) 범하다,저지르다"
"g16","PERPETUAL","영원한"
"g16","PERPLEX","혼란스럽게 하다,놀라게 하다"
"g16","PERSEVERE","인내하다,견디다"
"g16","PERSIFLAGE","농담,희롱,익살;경박함"
"g16","PERSIMMON","감(오렌지색 과일)"
"g16","PERSISTENCE","고집,집요,지속"
"g16","PERSPICACIOUS","통찰력 있는,명민한"
"g16","PERSPICUOUS","명확한,명료한"
"g16","PERTINACIOUS","완고한"
"g16","PERTINENT","관련된,적절한"
"g16","PERTURB","마음을 불안하고 초조하게 만들다,동요시키다"
"g16","PERVADE","퍼지다,온통 가득하다"
"g16","PERVASIVE","널리 퍼져있는"
"g16","PETTY","안 중요한,덜 중요한,사소한,하찮은"
"g16","PHANTOM","유령(같은)"
"g16","PHENOMENAL","대단한,비범한"
"g16","PHILANTHROPIST","박애주의자,자선가"
"g16","PHLEGMATIC","점액질의,침착한;무감정의,느린"
"g16","PILFER","훔치다"
"g16","PILLORY","공개적으로 웃음거리로 만들다"
"g16","PINION","손발을 묶다,구속/속박하다"
"g16","PINNACLE","절정,전성기,정상"
"g16","PIQUANT","자극적이고 맛있는;(분위기,태도) 자극적 이로 적극적인"
"g16","PIQUE","화나게 하다,자극하다"
"g16","PITFALL","함정,도사린 위험"
"g17","PITHY","간결한;힘찬 명쾌한,뜻이 깊은"
"g17","PITTANCE","아주 적은 용돈, 수당, 보상"
"g17","PLACATE","달래다"
"g17","PLACEBO","위약"
"g17","PLAGIARISM","표절"
"g17","PLAGUE","괴롭히다"
"g17","PLAINTIVE","슬픈, 불쌍한, 애처로운"
"g17","PLANGENT","(소리) 울려 퍼지는"
"g17","PLATITUDE","진부한 말, 진부함"
"g17","PLAUDIT","박수, 갈채, 찬양"
"g17","PLAUSIBLE","그럴듯한"
"g17","PLAYBILL","(배역이 소개된) 연극프로그램"
"g17","PLEAT","(치마, 바지) 주름; 주름잡다"
"g17","PLETHORA","초과, 과다"
"g17","PLIABLE","모양이 잘 휘는; 고분고분한"
"g17","PLIANT","유연한, 고분고분한"
"g17","PLOT","음모; (극, 이야기) 구성, 플롯"
"g17","PLUCK","용기"
"g17","PLUMAGE","(집합 명사)새의 깃털"
"g17","PLUMB","면밀히 조사하다"
"g17","PLUMMET","수직으로 떨어지다"
"g17","POACH","끓는 물로 요리하다; 밀렵하다"
"g17","PODIUM","연단, 지휘단"
"g17","POLARITY","양극성"
"g17","POLARIZE","양극화하다; 분열시키다"
"g17","POLEMICAL","논쟁을 일으키는"
"g17","POLITIC","현명한, 분별력 있는"
"g17","POLYMORPHOUS","여러 형태의, 다양한"
"g17","POMP","장환, 화려; 위엄의 과시, 거만한 행동"
"g17","POMPOUS","(태도, 말) 오만한, 거만한, 과장된"
"g17","PONDER","심사 숙고하다"
"g17","PONDEROUS","무거운, 육중한; 지루한"
"g17","PONTIFICATE","오만하고 독단적으로 말하다"
"g17","POROUS","다공성의, (기체, 액체) 쉽게 통과하는; 침투하기 쉬운"
"g17","PORTENTOUS","심각한, 중요한, 불길한, 놀라운"
"g17","PORTRAIT","초상화"
"g17","POSEUR","젠체하는 사람"
"g17","POSTULATE","가정하다; 당연한 것으로 여기다"
"g17","POTABLE","마시기에 적당한"
"g17","POTENTATE","권세가, 강대한 힘의 소유자"
"g17","PRATE","재잘재잘 지껄이다"
"g17","PRECARIOUS","위태로운, 불확실한"
"g17","PRECEDENT","선례"
"g17","PRECIPICE","절벽, 벼랑"
"g17","PRECIPITATE","재촉하다, 갑자기 생기게 하다; 성급한"
"g17","PRECIPITOUS","벼랑 같은, 급경사의, 황급한, 허둥대는"
"g17","PRECLUDE","배제하다, 방해하다"
"g17","PRECURSOR","선구자, 선행하는 것"
"g17","PREEMINENCE","가장 뛰어남, 탁월함"
"g17","PREEN","치장하다, 자기만족을 드러내다"
"g17","PREFACE","서론, 머리말"
"g17","PREFERENCE","애호, 좋아함"
"g17","PREMEDITATED","미리 생각한, 계획된"
"g17","PREOCCUPATION","몰두, 열중"
"g17","PREPONDERANT","우세한, 압도적인, 능가하는"
"g17","PREPOSTEROUS","비상식적인, 터무니없는"
"g17","PRESCIENCE","예지력; 통찰력"
"g17","PRESCRIBE","규정, 명령, 처방하다"
"g17","PRESERVATIVE","방부제"
"g17","PRETENTIOUS","허세부리는, 과시하는"
"g17","PREVARICATE","얼버무리다, 둘러대다, 속이다"
"g17","PRIMORDIAL","원시의, 태고의, 옛날의"
"g17","PRINCIPLED","윤리적인, 규율이 있는"
"g17","PRISTINE","원래 그대로의, 오염되지 않은, 깨끗한"
"g17","PROBITY","정직, 청렴"
"g17","PROCLIVITY","성향, 경향"
"g17","PROCRASTINATE","미루다, 지연하다, 늑장부리다"
"g17","PRODIGAL","낭비하는"
"g17","PROFANE","불경스러운, 세속적인; 거룩하지 않은, 더러운"
"g17","PROFFER","내놓다, 제의하다"
"g17","PROFLIGATE","탕진하는, 낭비하는"
"g17","PROFUSE","많은, 풍부한; 낭비하는"
"g17","PROGNOSTICATION","예언"
"g17","PROHIBITIVE","(가격) 지나치게 비싼; 금지하는, 제한하는"
"g17","PROLIFIC","다산의; 비옥한; 다작의"
"g17","PROLIX","장황한, 지루하게 긴"
"g17","PROMINENCE","명성, 중요함"
"g17","PROMULGATE","공표하다, 선전하다"
"g17","PROOFREAD","교정하다"
"g17","PROPAGATE","번식/증식 시키다, 보급하다, 전파하다"
"g17","PROPENSITY","강한 기호, 경향"
"g17","PROSAIC","진부한; 산문형식의"
"g17","PROSCRIBE","법으로 금지하다"
"g17","PROSELYTIZE","개종시키다; 개종하다"
"g17","PROSPECT","채굴하다"
"g17","PROSTRATE","엎드리(게 하)다, 굴복시키다, 굴복하다, 쇠약하게 하다;엎드린,굴복한,기진맥진한"
"g17","PROTRACT","연장하다"
"g17","PROTUBERANCE","돌출, 돌기, 융기"
"g17","PROVIDENT","미래를 대비하여 신중한; 검소한"
"g17","PROVIDENTIAL","시기 적절한, 운이 좋은;섭리의, 신의 뜻에 의한"
"g17","PROVINCIAL","지방색의, 촌스러운, 세련되지 못한;시야가 좁은, 편협한"
"g17","PROVOKE","자극하다; 화나게 하다"
"g17","PROXIMATE","(관계, 원인, 장소, 시간) 가장 가까운; 근사값의"
"g17","PRY","사적인 문제를 지나치게 캐묻다"
"g17","PSALM","성가, 찬송가; (시편)시"
"g17","PUCKISH","짓궂은, 장난기 있는"
"g17","PUDDLE","작은 웅덩이"
"g17","PUERILE","유치한"
"g17","PUGNACIOUS","호전적인"
"g17","PULCHRITUDE","아름다움"
"g18","PULVERIZE","분쇄하다"
"g18","PUNCTILIOUS","세심한, 꼼꼼한"
"g18","PUNDIT","권위자, (미디어에 출연해서 의견을 말하는) 전문가"
"g18","PUNY","작고 약한"
"g18","PUSILLANIMOUS","소심한, 심약한"
"g18","QUAFF","벌컥벌컥 마시다"
"g18","QUAGMIRE","진흙탕; 어렵고 복잡한 상황, 궁지, 수렁"
"g18","QUALIFY","(예외를 두어서) 제한하다, 한정하다"
"g18","QUALM","불안, 걱정, 불편한 마음; 양심의 가책"
"g18","QUANDARY","난처함, 궁지"
"g18","QUARRELSOME","싸움하기 좋아하는"
"g18","QUARRY","채석장; 채굴하다; 오랜 탐구를 통해 찾아내다"
"g18","QUASH","억제하다, 억누르다"
"g18","QUATRAIN","4행으로 이루어진 연"
"g18","QUEASY","멀미하는; 멀미 나게 하는"
"g18","QUELL","진압하다"
"g18","QUENCH","불을 끄다; 억제하다; 갈증을 해소하다, 만족시키다"
"g18","QUERULOUS","징징거리며 불평하는, 불만이 많은"
"g18","QUERY","질문하다"
"g18","QUEUE","(차, 사람) 줄, 대기행렬"
"g18","QUIBBLE","사소한 반대, 트집잡기; 사소한 문제에 트집잡다, 논의의 주제를 회피하다"
"g18","QUIESCENCE","활동 없음, 조용"
"g18","QUIP","재치 있는 응답; 교묘하게 비꼬는 응답"
"g18","QUIXOTIC","지나치게 이상적인; 비현실적인"
"g18","QUOTIDIAN","일상적인, 매일매일의, 평범한"
"g18","RABID","과격한, 광신적인, 맹렬한"
"g18","RABIES","공수병, 광견병"
"g18","RACONTEUR","이야기를 재미있게 잘하는 사람"
"g18","RADICAL","근본적인; 급진적인"
"g18","RAFFISH","저속한, 저급한, 자유분방한"
"g18","RAFT","부대; 뗏목"
"g18","RAGGED","(옷이) 낡고 헤진; (표면이) 울퉁불퉁한"
"g18","RAIL","몹시 비난하다"
"g18","RAKISH","방탕아의; 멋진, 경쾌한, 세련된"
"g18","RALLY","세를 규합하다; 집회로 모이다; (사기) 진작시키다; (건강,기세) 회복시키다"
"g18","RAMPANT","(나쁜 것, 불쾌한 것) 만연하는, 횡행하는; (사람, 행동) 사나운, 미쳐 날뛰는"
"g18","RANCID","(부패해서) 냄새가 고약한"
"g18","RANCOR","원한, 악의"
"g18","RANGE","산맥"
"g18","RANKLE","화나게 하다"
"g18","RANSACK","철저히 수색하다, 조사하다"
"g18","RANT","호언장담, 과장된 말; 고함치다, 고래고래 소리치다"
"g18","RAPPORT","(관계) 조화로움, 친근함"
"g18","RASCAL","장난꾸러기, 악동; 비양심적이고 정직하지 못한 사람; 무뢰한, 건달, 깡패"
"g18","RASH","무모한, 서두르는, 성급한"
"g18","RAUCOUS","(소리) 거슬리는, 불쾌한"
"g18","RAVING","흥분하여 횡설수설하는 말"
"g18","REACTANT","반응하는 물질"
"g18","REACTIONARY","개혁에 반대하는, 보수적인"
"g18","READERSHIP","독자층"
"g18","REAGENT","시약"
"g18","REALISTIC","현실적인"
"g18","REALIZED","현실화된"
"g18","REAM","연(종이의 거래단위), 종이체적단위"
"g18","REASSURE","안심시키다"
"g18","REBEL","반항하다, 반란을 일으키다"
"g18","REBUFF","퉁명스럽게 거부하다, 거절하다"
"g18","REBUKE","심하게 꾸짖다"
"g18","REBUT","반박, 논박하다"
"g18","RECALCITRANT","권위에 저항하는, 다루기 힘든"
"g18","RECANT","(주장)철회하다;(믿음)부정하다"
"g18","RECAPITULATE","요약하다"
"g18","RECESS","쉬는 시간;휴식기간;활동의 임시적 중단"
"g18","RECESSION","경기침체기, 쇠퇴"
"g18","RECIDIVISM","상습적 범행"
"g18","RECLUSE","은둔자"
"g18","RECONCILIATION","화해,중재;조화, 일치"
"g18","RECONDITE","난해한"
"g18","RECONNOITER","정찰활동을 하다;정보를 얻기 위하여 사전조사를 하다"
"g18","RECONSTITUTE","물을 부어 원래의 상태로 회복시키다"
"g18","RECTITUDE","(행동)정의로움, 옮음, 정직"
"g18","RECUPERATIVE","(건강)회복시켜주는"
"g18","REDOLENT","향기로운"
"g18","REDOUBTABLE","(적)두렵고 존경스러운;가공할만한"
"g18","REDUNDANT","잉여의, 불필요한, (말)장황한"
"g18","REEL","(낚시, 영화 필름 등) 감는 틀, 릴;감아들이다;비틀거리다"
"g18","REFRACTORY","고집불통의, 다루기 힘든"
"g18","REFRIGERANT","냉각하는"
"g18","REFUSE","쓰레기"
"g18","REFUTE","논박하다"
"g18","REGIMENTATION","조직화, 통제"
"g18","REGRESSION","회귀, 복귀"
"g18","REGULARITY","정상성, 항상성"
"g18","REIN","억제하다, 멈추다"
"g18","REINFORCE","강화시키다"
"g18","RELAXATION","긴장의 이완;몸과 마음의 재충전;느슨해지기"
"g18","RELENTLESS","엄격한, 가혹한, 무자비한"
"g18","RELIABLE","믿을만한"
"g18","RELINQUISH","포기하다, 양보하다, 양도하다"
"g18","RELUCTANT","내키지 않는"
"g18","REMINISCE","회상하다"
"g18","REMISS","태만한, 성의 없는, 소홀한"
"g18","REMOLD","(모양, 구조, 특징)바꾸다"
"g18","REMORSEFUL","깊이 후회하는, 뉘우치는"
"g18","REMORSELESS","(행동) 가혹한, 무자비한, 뉘우치지않는 "
"g18","REMOTE","(거리) 먼, 외진;(관계)소원해진"
"g18","REMUNERATE","보답하다, 보수를 지불하다"
"g18","REND","(잡아)찢다"
"g18","RENEGADE","배교자,변절자;반역자"
"g18","RENEGE","약속을 이행하지 못하다;(약속, 계약) 폐기시키다"
"g19","RENOUNCE","공식적으로 포기하다, 철회하다, 거부하다"
"g19","RENOWN","명성"
"g19","REPEAL","취소하다, 철회하다"
"g19","REPEL","물리치다;불쾌감을 주다"
"g19","REPELLENT","불쾌감을 주는"
"g19","REPERTOIRE","연주종목일람, 총 상연곡목(작품)"
"g19","REPLETE","충분한, 가득한"
"g19","REPOSE","휴식"
"g19","REPREHENSIBLE","비난 받아 마땅한"
"g19","REPRESS","억압하다, 억제하다"
"g19","REPROACHABLE","비난할만한,"
"g19","REPROBATE","나쁜 놈;비난하다"
"g19","REPROOF","질책, 비난"
"g19","REPTILE","파충류"
"g19","REPUDIATE","부인하다, 거절하다"
"g19","REPULSIVE","불쾌감을 주는, 역겨운"
"g19","REPUTE","~라고 믿다,간주하다;평판"
"g19","RESCIND","폐지, 폐기, 철회하다"
"g19","RESCISSION","철회, 취소"
"g19","RESENTFUL","분개한, 화를 잘 내는"
"g19","RESERVOIR","저수지;수조"
"g19","RESIDUAL","나머지의"
"g19","RESIGNATION","사퇴;체념, 포기, 단념"
"g19","RESILIENCE","탄력, 회복력"
"g19","RESOLUTE","마음이 확고한"
"g19","RESONANT","낭랑하게 울리는, 공명하는"
"g19","RESPECT","존경"
"g19","RESPECTABLE","존경 받을 만한"
"g19","RESPECTFUL","공손한"
"g19","RESPIRE","호흡하다"
"g19","RESPITE","짧은 휴식"
"g19","RESPLENDENT","화려한, 눈부신"
"g19","RESTIVE","안절부절 못하는"
"g19","RESTRAIN","제한하다, 억제하다"
"g19","RESURGENCE","소생, 부활, 되살아남"
"g19","RETALIATE","(같은 수단으로)보복하다, 복수하다, 앙갚음하다"
"g19","RETENTION","보존, 보유, 유지;기억력"
"g19","RETICENT","과묵한"
"g19","RETORT","(말)(빠르고 재치 있게, 신랄하게)되받아 치다, 응수하다"
"g19","RETRACT","취소하다, 철회하다"
"g19","RETRENCH","삭감하다"
"g19","REVEL","매우 기뻐하다, 즐거워하다, 마시고 흥청거리다"
"g19","REVERE","깊이 존경하다"
"g19","REVILE","비난하다"
"g19","REVISIONIST","수정주의자"
"g19","REVUE","(시사 풍자적인 내용)개그콘서트"
"g19","RHAPSODIZE","열광적으로 이야기하다"
"g19","RIBALD","무례한, 음담패설을 해대는"
"g19","RICKETY","(구조물)곧 무너질 것 같은"
"g19","RIFE","가득한, 퍼져있는, 유행하는"
"g19","RIGID","휘지 않는, 융통성 없는"
"g19","RILE","화나게 하다"
"g19","RIP","거칠게 찢다, 갈기갈기 찢다"
"g19","RITE","의식,절차"
"g19","RIVE","찢다, 찢어발기다"
"g19","RIVETING","대단히 매력적인, 푹 빠지게 하는"
"g19","ROBUST","건강한, 건장한"
"g19","ROCOCO","매우 화려한, 꾸밈이 많은"
"g19","ROIL","화나게 하다, 초조하게 만들다;액체를 휘저어 흐리게 하다"
"g19","ROTUND","둥근, 퉁퉁하게 살찐"
"g19","ROWDY","소란스러운, 난폭한"
"g19","RUDE","미개한, 교양 없는;건장한;거친,가공하지 않은, 조잡한"
"g19","RUDIMENTARY","미발당의, 미성숙의;기본적인"
"g19","RUE","뉘우치다,후회하다, 유감으로 여기다"
"g19","RUMINANT or RUMINATIVE","반추하는, 생각에 잠긴"
"g19","RUSE","계략,음모, 책략"
"g19","RUSTIC","전원적인, 시골의"
"g19","SABOTAGE","고의적으로 방해하다,파괴하다"
"g19","SACERDOTAL","성직의, 사제의"
"g19","SACRILEGIOUS","신성을 더럽히는"
"g19","SACROSANCT","신성불가침의"
"g19","SADIST","가학적인;잔혹함을 즐기는 사람"
"g19","SAFEGUARD","보호수단, 보호"
"g19","SAGA","무용담, 영웅이야기"
"g19","SAGACIOUS","현명한, 기민한"
"g19","SAGE","현인, 현자"
"g19","SAINTLINESS","거룩함"
"g19","SALIENT","돌출한, 눈에 띄는, 유명한"
"g19","SALINE","염분을 함유한;짠"
"g19","SALLY","반격,돌격(하다)"
"g19","SALUBRIOUS","건강에 좋은, 유익한;건강한"
"g19","SALUTARY","유익한"
"g19","SALUTE","(예의 바른)인사, 몸짓, 경례"
"g19","SALVE","연고"
"g19","SANCTION","허가하다, 승인하다"
"g19","SANCTUARY","지성소;피난처"
"g19","SANGFROID","침착, 냉정"
"g19","SAP","쇠약하게 만들다"
"g19","SAPIENT","슬기로운, 지혜로운"
"g19","SATE","충분히 만족시키다"
"g19","SATIATE","충분히 만족시키다,물리게 하다"
"g19","SATIETY","포만상태"
"g19","SATIRICAL","풍자의"
"g19","SATURATED","흠뻑 젖은, 포화상태의"
"g19","SATURNINE","침울한, 우울한"
"g19","SAVORY","맛 좋은"
"g19","SAWDUST","톱밥"
"g19","SCALE","천칭, 저울"
"g19","SCAN","시의 운율을 살피다"
"g19","SCANTY","적은, 불충분한"
"g20","SCHISM","(교회) 분열, 분파"
"g20","SCISSION","절단, 분리, 분열"
"g20","SCOFF","조롱하다"
"g20","SCORE","악보, 총보, 배경음악"
"g20","SCRIMP","매우 아끼다, 인색하게 굴다"
"g20","SCRIPT","(연극, 영화) 대본"
"g20","SCRUPULOUS","양심적인; 세심한, 꼼꼼한, 면밀한"
"g20","SCRUTINY","정밀조사"
"g20","SCURRILOUS","(입) 상스런, 저속한, 욕하는"
"g20","SEAMY","도덕적으로 낮은, 천한"
"g20","SECRETE","분비하다; 숨기다, 감추다"
"g20","SECRETIVE","비밀의, 숨기려 하는"
"g20","SECULAR","세속적인"
"g20","SEDULOUS","근면 성실한, 주의 깊고 부지런한"
"g20","SEEMLY","예절을 지키는, (행동) 적절한"
"g20","SEETHE","(마음속이) 분노로 부글부글 끓다; 분노로 끓어오르는 상태"
"g20","SEGMENT","쪼개다, 나누다"
"g20","SELF-ABASEMENT","자기비하"
"g20","SELF-EFFACING","삼가는, 겸손한, 과시하지 않는"
"g20","SEMBLANCE","유사, 비슷한 것"
"g20","SEMTIENT","감각이 있는, 느낄 수 있는"
"g20","SENTINEL","경계병, 초보"
"g20","SERAPHIC","천사의, 천사 같은"
"g20","SERENDIPITY","운수 좋은 뜻밖의 발견(물)"
"g20","SERENE","고요한, 평온한"
"g20","SERRATION","톱니모양"
"g20","SERRIED","(사람, 물건) 꽉 찬, 빽빽한"
"g20","SHACKLE","족쇄를 채우다"
"g20","SHADOWY","그림자 드리워진, 희미한, 애매한"
"g20","SHAM","가짜의, 모조의; 모조품, 가짜"
"g20","SHARD","(도자기, 유리, 바위) 파편조각"
"g20","SHIFTILESS","야망이나 목적의식이 없는; 게으른"
"g20","SHIFTINESS","교활함, 속임수, 간사함"
"g20","SHIRK","회피하다"
"g20","SHREWDNESS","예리함, 날카로움, 명민함"
"g20","SHRUG","(무관심, 의문, 불쾌의 표시) 양 어깨를 으쓱하다"
"g20","SHUN","기피하다"
"g20","SIDEREAL","별의, 항성의"
"g20","SIGNAL","현저한, 주목할만한; 훌륭한, 탁월한"
"g20","SIMULATION","모조품, 가짜; ~인체하기"
"g20","SINEWY","힘찬, 활발한, 건장한"
"g20","SINISTER","불길한, 해를 입힐 것 같은; 사악한"
"g20","SKEPTIC","의심하는 사람, 회의주의자"
"g20","SKETCH","대략적으로 묘사하다"
"g20","SKEW","비스듬한, 경사진, 비뚤어진"
"g20","SKIMP","아까워하다, 인색하게 굴다"
"g20","SKIRT","가장자리에 있다, 인색하게 굴다"
"g20","SKITTISH","변덕스런, 장난스런, 활발한"
"g20","SKULK","살금살금 움직이다"
"g20","SLACKEN","느슨하게 만들다, 느슨해지다"
"g20","SLAKE","갈증을 해소하다, 만족시키다"
"g20","SLANT","기울다, 기울어지게 하다; 왜곡하다, 편향된 시각을 보여주다"
"g20","SLIGHT","사소한, 대수롭지 않은; 무시하다, 경시하다"
"g20","SLINK","조용히, 은밀하게 움직이다"
"g20","SLIPSHOD","칠칠치 못한, 대충하는; 단정하지 못한, 닳아빠진 옷이나 신발을 신은"
"g20","SLOTHFUL","게으른"
"g20","SLOUCH","구부정하게 서있다/걷다"
"g20","SLOVENLY","지저분한, 단정치 못한; 되는대로 하는, 날림의"
"g20","SLUGGISH","둔한, 활력 없는"
"g20","SLUICE","물을 흘려 씻다; 수문"
"g20","SLUMP","침체기에 빠지다"
"g20","SLUR","중상하다, 비방하다"
"g20","SLY","교활한, 간사한, 음흉한"
"g20","SMASH","갑작스럽고 시끄럽게 박살내다, 파괴하다; 격렬하게 충돌하다"
"g20","SMATTERING","피상적인 지식; 적은 양"
"g20","SMIRK","(자기만족감에) 히죽히죽 웃다"
"g20","SMOLDER","연기만 내면서 서서히 타다; (감정) 속에 맺히다; (눈 등이) (감정을) 나타내다"
"g20","SMOTHER","(덮어서) 질식시키다, 불을 끄다; (감정, 행동) 억제하다"
"g20","SMUGGLE","밀수하다"
"g20","SNARL","뒤엉키게 하다, 방해하다"
"g20","SNEER","비웃다, 조롱하다, 조소하다"
"g20","SNUG","편안한; 깔끔한, 말끔한"
"g20","SOBRIETY","근엄, 엄숙, (색깔) 어두움"
"g20","SOLICITOUS","걱정하는"
"g20","SOLITUDE","혼자 있음, 외로움"
"g20","SOLVENT","지급 능력이 있는; 녹이는, 용해력있는"
"g20","SOMNOLENCE","졸리움"
"g20","SOOTHING","진정시키는"
"g20","SOP","달래려고 준 것; 뇌물"
"g20","SOPHISM","궤변, 잘못된 이론"
"g20","SOPHISTICATED","세련된; 순진하지 않은, 세상 물정에 익숙한; 정교한"
"g20","SOPHOMORIC","아는 척하지만 아직 미성숙한"
"g20","SOPORIFIC","수면성의, 잠이 오게 하는; 졸리는"
"g20","SORDID","추잡스런, 더러운, 비열한"
"g20","SOUNDPROOF","방음의"
"g20","SPARTAN","엄격한, 간소한, 사치부리지 않는"
"g20","SPASMODIC","발작의; 간헐적으로 발생하는, 단속적으로 발생하는"
"g20","SPATE","많은 양"
"g20","SPECTRUM","빛의 분산; 스펙트럼"
"g20","SPECULATIVE","추측에 의한"
"g20","SPEED","속도를 높이다, 가속화하다"
"g20","SPENT","(힘, 에너지) 소진된"
"g20","SPLEEN","울화, 악의"
"g20","SPLINT","부목"
"g20","SPLURGE","(돈) 펑펑 쓰기; (돈) 펑펑 쓰다"
"g20","SPONTANEOUS","사전계획 없이 행해진;"
"g20","SPRAIN","염좌, 삐기"
"g20","SPURIOUS","가짜의, 허위의"
"g20","SPURN","경멸하다, 딱 거절하다"
"g20","SQUABBLE","사소한 말다툼"
"g21","SQUALOR","더러움, 누추한; 천함, 비열함"
"g21","SQUANDER","탕진하다, 낭비하다"
"g21","SQUARE","제대로 정돈된"
"g21","SQUASH","진압하다, 억압하다"
"g21","SQUEAMISH","비위가 약한"
"g21","SQUELCH","억제하다"
"g21","STAGNANT","(물이) 흐르지 않고 고여있는"
"g21","STAID","조용한, 진지한"
"g21","STALWART","충성된, 튼튼한, 건장한; 충성된 사람, 튼튼한/건장한 사람"
"g21","STAMINA","지구력, 체력"
"g21","STANCH","흐름을 막다"
"g21","STANDARD","표준의"
"g21","STANDOFFISH","쌀쌀맞은, 마음을 잘 열지 않는, 무뚝뚝한"
"g21","STARK","장식이 없는, 간소한; 뚜렷한, 분명한; 완전한; 강한, 굳센"
"g21","STARRY-EYED","수진하게 열정적이고 이상적인; 비현실적인, 이상적인"
"g21","STASIS","정지상태, 균형상태"
"g21","STATURE","키, 신장; 지위"
"g21","STENCH","악취"
"g21","STENTORIAN","(소리) 우렁찬, 울리는"
"g21","STICKLER","끝까지 주장하는 사람; 당황스럽고 어려운 것"
"g21","STIFF","유연하지 않은; 뻣뻣한"
"g21","STIFLE","제한하다, 억제하다"
"g21","STIGMATIZE","낙인을 찍다; 비난하다; 오명을 씌우다"
"g21","STILL","움직임, 소리가 없는"
"g21","STIMULANT","자극제, 흥분제"
"g21","STIPPLE","점묘법으로 그리다"
"g21","STODGY","칙칙한, 재미없는; 매우 보수적인"
"g21","STOIC","고통을 참고 내색하지 않는; 감정을 드러내지 않는"
"g21","STOKE","급유하다, 불을 피우다"
"g21","STOLID","둔감한, 무감한"
"g21","STOPGAP","임시변통"
"g21","STRATIFY","계층화하다"
"g21","STRIATE","홈을 파다"
"g21","STRICTURE","비난; (행동)제약"
"g21","STRIDENT","(소리가) 불쾌한, 귀에 거슬리는, 삐걱거리는"
"g21","STRINGENT","엄격한, 엄한"
"g21","STRUT","거만하게 걷다; 버팀목"
"g21","STULTIFY","활력을 없애다, 바보로 만들다; 무효로 하다"
"g21","STURDY","튼튼한"
"g21","STYLUS","첨 필, 철필"
"g21","SUBLIME","숭고한"
"g21","SUBMERGE","물에 푹 빠뜨리다, 잠수시키다"
"g21","SUBMISSIVE","순종하는, 순응하는"
"g21","SUBSERVIENT","굴종하는, 비굴한; 부차적인, 부수적인"
"g21","SUBSIDE","내려앉다, 가라앉다"
"g21","SUBSIDIZE","보조금을 지급하며 돕다"
"g21","SUBSTANTIVE","현실에 기반을 둔, 중요한, 의미 있는"
"g21","SUBTERFUGE","핑계, 구설, 속임수"
"g21","SUBVERT","전복시키다"
"g21","SUCCINCT","간결한"
"g21","SUCCOR","원조하다"
"g21","SUCCULENT","과즙이 많은, 맛있는"
"g21","SULLEN","성질 더러운 토라진"
"g21","SULLY","더럽히다"
"g21","SUNDER","분리하다 절단하다"
"g21","SUPERCILIOUS","거만한 건방진"
"g21","SUPERFICIAL","피상적인, 깊이가 없는"
"g21","SUPERFLUOUS","잉여의, 불필요한"
"g21","SUPPLENESS","유연함"
"g21","SURFEIT","과다"
"g21","SURMISE","추측하다. 짐작하다"
"g21","SURMOUNT","극복하다"
"g21","SURPASS","능가하다"
"g21","SURRENDER","포기하다 양보하다"
"g21","SURREPTITIOUS","은밀한"
"g21","SUSPEND","매달다"
"g21","SUSTAIN","유지하다"
"g21","SVELTE","날씬한 세련된"
"g21","SWATH","넓은 지역, 널은 길"
"g21","SWILL","벌컥벌컥 마시다"
"g21","SYBARITE","쾌락주의자"
"g21","SYCOPHANT","아첨꾼"
"g21","SYMBIOSIS","공생"
"g21","SYNCHRONOUS","동시발생의"
"g21","SYNOPSIS","요약 개요"
"g21","SYNTHESIZE","합성하다 종합하다"
"g21","TACIT","암묵적인"
"g21","TACITURN","과묵한"
"g21","TACKY","촌스런 패션감각이 떨어지는"
"g21","TACTILE","촉각의"
"g21","TAILOR","재단사"
"g21","TAINTED","더럽혀진"
"g21","TAME","길들여진"
"g21","TANGENTIAL","주변의"
"g21","TANGIBLE","만질 수 있는 현실적인"
"g21","TANTALIZE","감질나게 하다. 자극하다"
"g21","TANTAMOUNT","비슷한 동등한"
"g21","TARNISH","광택을 잃다 더럽히다"
"g21","TARPAULIN","방수시트"
"g21","TASTY","맛있는 매력적인"
"g21","TATTY","낡고 초라한"
"g21","TAUNT","자극하다 조롱하다"
"g21","TAUT","팽팽한"
"g21","TAWDRY","장식만 번지르르하고"
"g21","TAXING","힘든 고생이 많은"
"g21","TEAR","찢다. 분리하다"
"g21","TEDIOUS","지루한, 재미없는"
"g21","TEEM","가득하다"
"g21","TEETER","비틀거리다"
"g21","TELLING","효과적인 의미 있는"
"g22","TEMERITY","지나친 자신감"
"g22","TEMPER","누그러뜨리다"
"g22","TEMPERANCE","자제, 절제"
"g22","TEMPORARY","중간의 잠시의"
"g22","TEMPORIZE","우물쭈물하다"
"g22","TENABLE","(반대,공격)방어할 수 있는"
"g22","TENACITY","고집 인내 끈기"
"g22","TENDENCIOUS","편향적인"
"g22","TENDER","제공하다 입찰하다"
"g22","TENTATIVE","임시적인"
"g22","TEPID","미지근한"
"g22","TERMINOLOGY","특정분야의 기술적 용어들"
"g22","TERRESTRIAL","지구의 세속적인"
"g22","TERRIFY","극독의 두려움을 느끼게 하다"
"g22","TERSE","간결한"
"g22","TESTIMONIAL","추천서 감사장"
"g22","TESTY","조급한 쉽게 화내는"
"g22","THERAPEUTIC","치유하는"
"g22","THIN","묽게 하다 가늘게 하다/되다"
"g22","THORNY","가시가 많은"
"g22","THOROUGHGOING","철저한"
"g22","THREADBARE","옷이 해어지고 낡은"
"g22","THRIFT","검소함"
"g22","THRIVE","번성하다 무성하게 자라다"
"g22","THRONG","군중. 인파"
"g22","THUNDERING","엄청난 대단한"
"g22","THUNDEROUS","우레 같은, 열렬한"
"g22","THWART","막다 좌절시키다"
"g22","TICKLISH","까다로운 신경질적인"
"g22","TIFF","사소한 말다툼"
"g22","TILT","기울다 기울게 하다"
"g22","TIMELESS","영원한"
"g22","TIMEWORN","너무 오래 입어서 해어진"
"g22","TIMID","겁먹은 소심함"
"g22","TIMOROUS","겁먹은 소심한 자신감이 없는"
"g22","TIN","주석"
"g22","TINCTURE","염료"
"g22","TINE","(포크의)날카로운 갈래"
"g22","TINGE","물들이다"
"g22","TIRADE","장광설 신랄한 공격"
"g22","TITANIC","거대한"
"g22","TOADY","아첨하는 사람"
"g22","TOGA","로마인들의 흰색 옷"
"g22","TOIL","애쓰다 열심히 일하다"
"g22","TOLERANT","관대한 인내해주는"
"g22","TONG","집게,집게로 잡다"
"g22","TONGUE-TIED","(당황하여)말문이 막힌"
"g22","TONIC","힘을 주는, 원기왕성 하게하는"
"g22","TOOTHSOME","맛있는 매력적인"
"g22","TOPICAL","시사문제를 다루는"
"g22","TOPPLE","앞으로 꼬꾸라지다"
"g22","TORPOR","무기력"
"g22","TORRID","매우 더운 열정적인"
"g22","TORTUOUS","구불구불한 솔직하지 못한"
"g22","TOURNIQUET","지혈장치"
"g22","TOUT","과대 선전하다"
"g22","TRACE","소량"
"g22","TRACTABLE","고분고분한"
"g22","TRADEMARK","등록상표"
"g22","TRAIL","(흔적을)따라가다"
"g22","TRAMMEL","얽히게 하다 방해하다"
"g22","TRANQUILITY","고요 평안"
"g22","TRANSFER","이전하다 양도하다"
"g22","TRANSIENT","일시적인"
"g22","TRANSITION","변화 전이"
"g22","TRANSITORY","영원하지 않은 일시적인"
"g22","TRANSPARENT","투명한 이해하기 쉬운"
"g22","TRANSPORTATION","운송"
"g22","TRAVAIL","힘들게 일하다"
"g22","TREASURE","보물"
"g22","TREMULOUS","(손발)떨리는 겁 많은"
"g22","TRENCHANT","(표현이)신랄한"
"g22","TRESPASS","불법침입"
"g22","TRIAL","(사실 법률 문제의)심리"
"g22","TRIBUTE","감사, 존경"
"g22","TRIPOD","(카메라)삼각대"
"g22","TRIPTYCH","3매가 이어진 제단, 삼부작"
"g22","TRITE","진부한"
"g22","TRIVIAL","사소한 말다툼"
"g22","TROUPE","(순회 공연하는)배우 일단"
"g22","TRUCULENT","싸우기 좋아하는"
"g22","TRUISM","자명한 이치, 뻔히 아는 일"
"g22","TRUNCATE","길이를 줄이다"
"g22","TRUSS","형구 지붕 틀"
"g22","TULAREMIA","(전염성)야토병"
"g22","TUMULTUOUS","요동하는"
"g22","TURBULENT","무질서하고 혼란스러운"
"g22","TURGID","과장된, 허풍 떠는"
"g22","TURMOIL","소란, 혼란"
"g22","UBIQUITOUS","어디에나 있는"
"g22","UNABATED","(세력 활기) 줄어들지 않는"
"g22","UNACCOUNTABLE","설명되지 않는"
"g22","UNAFFECTED","꾸임 없는 가장 없는"
"g22","UNANIMOUS","만장일치의"
"g22","UNASSAILABLE","공격할 수 없는"
"g22","UNASSUMING","겸손한"
"g22","UNBRIDLED","구속되지 않은 자유로운"
"g22","UNCANNY","신비, 이상한 보통 아닌"
"g22","UNCTUOUS","(사람이)지나치게 아부하는"
"g22","UNDAUNTED","풀 죽지 않은, 기세가 꺾이지 않은, 대담한"
"g23","UNDERHANDED","정당하지 못한, 은밀한, 불공정한"
"g23","UNDERSCORE","밑줄 그어 강조하다"
"g23","UNDESERVED","당연하지 않은, 정당하지 않은"
"g23","UNDETERRED","풀 죽지 않은, 단념하지 않은"
"g23","UNEQUIVOCAL","애매하지 않은, 명확한"
"g23","UNEXCEPTIONABLE","반대의 여지가 없는"
"g23","UNFLAPPABLE","침착한"
"g23","UNFORTUNABLE","운이 없는; 재난이나 불행을 초래하는"
"g23","UNFRIENDED","친구가 없는"
"g23","UNGAINLY","(외모, 행동, 솜씨 등) 서툴고 어색한"
"g23","UNGOVERNABLE","통제나 지배가 불가능한"
"g23","UNHACKNEYED","진부하지 않은"
"g23","UNHERALDED","널리 알려지지 않은, 무명의, 뜻밖의"
"g23","UNINFORMATIVE","정보를 주지 않는"
"g23","UNINTELLIGIBLE","이해할 수 없는"
"g23","UNMITIGATED","완화되지 않은"
"g23","UNPIRE","(스포츠)주심 심판"
"g23","UNPLUMBED","(깊이 등이) 완전히 측정되지 않은"
"g23","UNPREPOSSESSING","호감주지 못하는, 매력 없는"
"g23","UNPROPITIOUS","불길한, 불리한"
"g23","UNRULY","규칙을 따르지 않는, 제어하기 어려운"
"g23","UNSALVAGEABLE","구해낼 수 없는"
"g23","UNSAVORY","(맛, 냄새)불쾌한, 맛없는; 도덕적으로 불쾌감을 주는"
"g23","UNSEEMLY","(행동)적절하지 않은"
"g23","UNSUBSTANTIAL","현실적이지 않은, 실체가 없는; 허약한"
"g23","UNSUBSTANTIATED","증거로 증명되지 않은"
"g23","UNSWERVING","굳은, 변함없는"
"g23","UNTACTFUL","기지, 재치 없는, 눈치 없는"
"g23","UNTENABLE","(논리)방어되지 않는"
"g23","UNTOLD","셀 수 없을 만큼 많은, 무수한"
"g23","UNTOWARD","적당치 않는,곤란한, 불리한"
"g23","UNWIELDY","다루기 힘든; 성가시고 어려운"
"g23","UNWITTING","무의식적인, 고의적이 아닌"
"g23","UNWONTED","익숙하지 않은, 일반적이지 않은"
"g23","UPBANE","세련된, 예의 바른"
"g23","UPBRAID","(몹시) 나무라다, 비난하다"
"g23","USURP","권력을 불법적으로 찬탈하다"
"g23","UTTER","완전한, 절대적인; 말하다"
"g23","VACCINATE","예방 접종하다"
"g23","VACILLATE","마음이 오락가락하다, 주저하다"
"g23","VACUOUS","생각이 없는, 어리석은"
"g23","VACUUM","물질의 부재(의); 물질이 없는 공간; 진공상태(의)"
"g23","VAGABOND","방랑하는; 방랑자"
"g23","VAGARY","변덕스런 행동, 엉뚱한 짓, 변덕"
"g23","VAIN","헛된; 허영심 강한"
"g23","VAINGLORIOUS","자만심이 강한"
"g23","VALIANT","용기 있는"
"g23","VALORIZE","정가를 정하다, 시가를 유지하다"
"g23","VALOROUS","용감한"
"g23","VANQUISH","정복하다, 항복시키다"
"g23","VAPID","맛 업는, 자극 없는, 재미없는"
"g23","VAPOROUS","증기의; 실직적이지 않은, 공허한, 가벼운; 신뢰할 수 없는, 자주 변하는"
"g23","VARIEGATION","얼룩덜룩한"
"g23","VARNISH","바니시를 발라서 광택을 내다; 니스, 바니시"
"g23","VAULT","은행금고"
"g23","VAUNT","심하게 자랑하다, 뽐내다"
"g23","VEER","방향을 바꾸다;(갑자기) 의견이나 주제를 바꾸다"
"g23","VEHEMENT","격렬한, 열정적인"
"g23","VELOCITY","속도"
"g23","VENAL","매수되기 쉬운"
"g23","VENDOR","판매인, 행상인"
"g23","VENEER","합판, 화장판"
"g23","VENERABLE","존경 받는"
"g23","VENERATE","존경하다"
"g23","VERACITY","진실성, 정확성"
"g23","VERBOSE","장황한"
"g23","VERDANT","초목이 무성한; 경험적은, 미숙한"
"g23","VERIFIABLE","입증 가능한"
"g23","VERSED","경험이 있는, 잘 알고 있는"
"g23","VERSEMONGER","진부한 시를 쓰는 시인"
"g23","VETO","금지, 거부; 거부권"
"g23","VEX","짜증나게 하다, 귀찮게 하다"
"g23","VICARIOUS","대리의, 대행의"
"g23","VICE","악, 사악함"
"g23","VICISSITUDE","(인생, 운명) 변천, 부침, 변하기 쉬움"
"g23","VIGILANT","경계하는, 방심하지 않는"
"g23","VIGNETTE","(영화 등의) 짧은 장면, 짧은 사건"
"g23","VILE","사악한, 부도덕한, 불쾌한"
"g23","VILIFY","비방, 중상하다"
"g23","VIM","정력, 활기, 열정"
"g23","VINDICATE","옹호하다"
"g23","VINDICTIVE","복수심이 불타는, 앙심을 품은"
"g23","VIRTUOSO","명인, 대가"
"g23","VIRTUOUS","덕이 높은, 미덕이 있는"
"g23","VIRULENT","해로운"
"g23","VISCERAL","내장의; 감정적인; 세련되지 않은, 거친"
"g23","VISE","바이스로 힘껏 죄다"
"g23","VITAL","매우 중요한; 활기 넘치는"
"g23","VITIATE","손상시키다, 망치다, 무효화하다"
"g23","VITRIOL","독설"
"g23","VITUPERATIVE","매도하는, 독설의"
"g23","VIVIFY","생기를 주다, 기운 차리게 하다"
"g23","VOCAL","자유롭게 의견을 표현하는"
"g23","VOCIFEROUS","떠들썩한"
"g23","VOID","법률적 효력이 없는"
"g23","VOLITIONAL","의지의, 결단력 있는"
"g23","VOLUBLE","유창한, 말 많은"
"g23","VOLUME","(정기간행물의) 책 권; 소리의 크기; 부피"
"g23","VOLUMIOUS","부피가 큰, 방대한"
"g23","VOLUPTUOUS","사치스런, 향락적인, 관능적인"
"g24","VORACIOUS","식욕이 왕성한,게걸스러운"
"g24","VOTARY","열렬한 추종자,신봉자"
"g24","VOUCHSAFE","하사하다,(아랫사람에게)주다"
"g24","VULGAR","저속한"
"g24","WAN","병약한,안색이 나쁜"
"g24","WANE","작아지다,약해지다,달이 기울다"
"g24","WANTING","부족한"
"g24","WAREHOUSE","상품창고,물류창고"
"g24","WARRANT","정식으로 인가하다;정당화하다"
"g24","WASP","성미가 급하고 화 잘 내는 사람"
"g24","WATCHFUL","경계를 서는,조심하는,주의 깊은"
"g24","WATT","전력의 단위"
"g24","WAX","커지다,강해지다"
"g24","WELL-DEVELOPED","충분히 성숙한/발달한"
"g24","WHET","날카롭게 하다;자극하다"
"g24","WHIMSICAL","변덕스런"
"g24","WIDTH","폭"
"g24","WILDERNESS","광야,황무지"
"g24","WILLFUL","고집불통의,고의적인"
"g24","WILLOWY","(사람이) 키 크고 날씬한,우아한"
"g24","WILT","시들다"
"g24","WINCE","(고통,두려움)찡그리다,움츠리다"
"g24","WINNING","매력적인"
"g24","WINNOW","키질하다,까부르다,키질하여(왕겨 등을) 제거하다"
"g24","WINSOME","매력적인"
"g24","WIRETAP","감청하다,도청하다"
"g24","WISTFUL","갈망하는,탐내는 듯한;생각에 잠긴,슬픈"
"g24","WIT","재치;지혜가 있는 사람"
"g24","WITHERED","쭈글쭈글한,쇠약한,시든"
"g24","WIZENED","쭈글쭈글한,쇠약한,시든"
"g24","WORDSMITH","(말에 능숙한)문장가"
"g24","WORLDLY","세속적인,경험 많고 세상을 잘아는"
"g24","WRINKLE","주름"
"g24","YAWN","하품하다"
"g24","YIELDING","고분고분한"
"g24","ZEAL","강한 열정"
"g24","ZEALOT","광신도,열광자"
"g24","ZEALOTRY","광신,지나친 열정"
"g24","ZEST","기분 좋은 맛,자극,흥미,관심"
"g24","ZONE","지역을 분할하다"
